Date,train_orig_unscaled,train_pred_unscaled,validation_orig_unscaled,validation_pred_unscaled
2009-01-16,29.8,29.356737,,
2009-01-17,28.6,32.554173,,
2009-01-18,32.7,31.361788,,
2009-01-19,39.0,34.170948,,
2009-01-20,42.3,37.08938,,
2009-01-21,36.7,38.50151,,
2009-01-22,38.3,34.927975,,
2009-01-23,36.4,37.616222,,
2009-01-24,30.3,35.54751,,
2009-01-25,34.7,31.301,,
2009-01-26,38.0,35.678944,,
2009-01-27,41.5,37.507164,,
2009-01-28,43.7,39.366123,,
2009-01-29,42.800000000000004,40.65214,,
2009-01-30,43.3,40.039837,,
2009-01-31,44.1,40.663,,
2009-02-01,42.9,41.387894,,
2009-02-02,42.6,40.233074,,
2009-02-03,40.099999999999994,40.55029,,
2009-02-04,40.89999999999999,38.373672,,
2009-02-05,41.1,40.046818,,
2009-02-06,43.1,39.80831,,
2009-02-07,46.7,41.446297,,
2009-02-08,34.6,43.996864,,
2009-02-09,26.6,32.405727,,
2009-02-10,24.499999999999996,29.713427,,
2009-02-11,24.6,29.144178,,
2009-02-12,27.3,29.032179,,
2009-02-13,26.9,30.426996,,
2009-02-14,30.3,29.317598,,
2009-02-15,31.1,31.743788,,
2009-02-16,32.4,31.814762,,
2009-02-17,33.2,32.74573,,
2009-02-18,32.6,33.18768,,
2009-02-19,36.2,32.58469,,
2009-02-20,30.2,35.02028,,
2009-02-21,28.8,30.27004,,
2009-02-22,30.9,30.691105,,
2009-02-23,36.4,32.375504,,
2009-02-24,28.6,34.443775,,
2009-02-25,30.600000000000005,29.183662,,
2009-02-26,34.0,32.29635,,
2009-02-27,39.5,34.42021,,
2009-02-28,30.3,36.615776,,
2009-03-01,26.4,30.113176,,
2009-03-02,28.1,28.638933,,
2009-03-03,37.6,31.336657,,
2009-03-04,23.4,35.271637,,
2009-03-05,24.6,24.76382,,
2009-03-06,25.2,27.663734,,
2009-03-07,27.5,28.313793,,
2009-03-08,28.7,29.988087,,
2009-03-09,32.0,30.445478,,
2009-03-10,22.4,32.376797,,
2009-03-11,29.4,23.699781,,
2009-03-12,26.2,28.789707,,
2009-03-13,30.3,27.876047,,
2009-03-14,27.6,30.904522,,
2009-03-15,21.400000000000002,28.79461,,
2009-03-16,21.7,23.342554,,
2009-03-17,23.1,23.979076,,
2009-03-18,28.300000000000004,25.158007,,
2009-03-19,34.3,28.571825,,
2009-03-20,33.9,31.029613,,
2009-03-21,37.70000000000001,31.880796,,
2009-03-22,28.6,33.234364,,
2009-03-23,27.0,28.595627,,
2009-03-24,28.6,29.13756,,
2009-03-25,33.0,30.580414,,
2009-03-26,28.4,32.590706,,
2009-03-27,26.3,29.376726,,
2009-03-28,28.8,28.301107,,
2009-03-29,31.5,30.738571,,
2009-03-30,31.799999999999997,32.139538,,
2009-03-31,32.1,31.916014,,
2009-04-01,32.0,32.228832,,
2009-04-02,33.2,32.248722,,
2009-04-03,24.099999999999998,33.228886,,
2009-04-04,21.7,24.819963,,
2009-04-05,23.5,23.934063,,
2009-04-06,19.7,26.173674,,
2009-04-07,22.1,22.432117,,
2009-04-08,23.1,24.592384,,
2009-04-09,26.5,25.089493,,
2009-04-10,25.2,27.952261,,
2009-04-11,26.7,26.607182,,
2009-04-12,27.9,27.863268,,
2009-04-13,28.9,28.80889,,
2009-04-14,30.5,29.217033,,
2009-04-15,21.9,30.05434,,
2009-04-16,21.7,22.590193,,
2009-04-17,24.099999999999998,23.290201,,
2009-04-18,23.2,25.683014,,
2009-04-19,24.499999999999996,24.72746,,
2009-04-20,26.1,25.752106,,
2009-04-21,24.899999999999995,27.08756,,
2009-04-22,26.000000000000004,25.865728,,
2009-04-23,26.9,26.905787,,
2009-04-24,17.9,27.6554,,
2009-04-25,21.000000000000004,19.823744,,
2009-04-26,15.599999999999998,22.248457,,
2009-04-27,18.9,17.833616,,
2009-04-28,15.2,20.246754,,
2009-04-29,16.4,17.575937,,
2009-04-30,18.5,18.177214,,
2009-05-01,21.799999999999997,19.723839,,
2009-05-02,18.8,22.142614,,
2009-05-03,19.5,20.189777,,
2009-05-04,18.8,20.36213,,
2009-05-05,19.1,19.92525,,
2009-05-06,18.7,19.952791,,
2009-05-07,17.7,19.620892,,
2009-05-08,18.3,18.756676,,
2009-05-09,18.0,19.02182,,
2009-05-10,20.1,18.844168,,
2009-05-11,21.7,20.212807,,
2009-05-12,19.5,21.346584,,
2009-05-13,19.7,19.818657,,
2009-05-14,19.1,20.069233,,
2009-05-15,20.8,19.758152,,
2009-05-16,19.5,21.006374,,
2009-05-17,18.5,19.988281,,
2009-05-18,18.3,19.328405,,
2009-05-19,21.9,19.236431,,
2009-05-20,19.4,21.527813,,
2009-05-21,23.0,19.926249,,
2009-05-22,22.7,22.089344,,
2009-05-23,20.600000000000005,22.396778,,
2009-05-24,22.8,21.001043,,
2009-05-25,19.8,22.656,,
2009-05-26,17.2,20.496153,,
2009-05-27,17.1,18.644493,,
2009-05-28,13.9,18.616707,,
2009-05-29,14.4,16.353325,,
2009-05-30,17.6,16.348074,,
2009-05-31,14.5,18.404884,,
2009-06-01,14.2,16.46471,,
2009-06-02,16.0,15.956765,,
2009-06-03,16.1,17.012863,,
2009-06-04,17.2,17.169422,,
2009-06-05,17.7,17.918732,,
2009-06-06,16.3,18.254541,,
2009-06-07,15.4,17.312084,,
2009-06-08,15.1,16.546587,,
2009-06-09,14.6,16.254267,,
2009-06-10,12.2,15.869898,,
2009-06-11,12.9,14.307027,,
2009-06-12,11.6,14.421687,,
2009-06-13,17.0,13.616982,,
2009-06-14,17.0,16.075106,,
2009-06-15,14.3,16.96356,,
2009-06-16,15.899999999999999,15.640966,,
2009-06-17,15.7,16.388653,,
2009-06-18,16.6,16.385437,,
2009-06-19,17.2,16.995182,,
2009-06-20,16.1,17.416855,,
2009-06-21,19.5,16.741753,,
2009-06-22,20.1,18.385777,,
2009-06-23,18.1,19.1214,,
2009-06-24,14.4,18.129192,,
2009-06-25,14.8,15.949438,,
2009-06-26,11.8,16.014217,,
2009-06-27,12.6,14.2328825,,
2009-06-28,17.7,14.3842,,
2009-06-29,20.5,16.914618,,
2009-06-30,23.2,19.256636,,
2009-07-01,17.0,21.132717,,
2009-07-02,15.1,17.823195,,
2009-07-03,15.2,16.581812,,
2009-07-04,16.0,16.716524,,
2009-07-05,13.9,17.242739,,
2009-07-06,12.1,15.892501,,
2009-07-07,13.599999999999998,14.432087,,
2009-07-08,16.2,15.055756,,
2009-07-09,18.5,16.713837,,
2009-07-10,17.6,18.410744,,
2009-07-11,14.9,17.944855,,
2009-07-12,17.2,16.290451,,
2009-07-13,15.7,17.566544,,
2009-07-14,12.9,16.701635,,
2009-07-15,14.3,14.857358,,
2009-07-16,14.6,15.408085,,
2009-07-17,14.3,15.656496,,
2009-07-18,17.3,15.497,,
2009-07-19,19.8,17.238777,,
2009-07-20,21.3,18.94548,,
2009-07-21,24.899999999999995,19.971857,,
2009-07-22,19.8,21.644485,,
2009-07-23,14.0,19.552193,,
2009-07-24,15.1,16.13128,,
2009-07-25,16.1,16.59501,,
2009-07-26,13.3,17.246157,,
2009-07-27,16.9,15.577324,,
2009-07-28,16.1,17.401955,,
2009-07-29,16.0,17.116768,,
2009-07-30,16.6,17.06214,,
2009-07-31,17.2,17.535309,,
2009-08-01,15.5,17.990013,,
2009-08-02,18.5,16.913862,,
2009-08-03,15.7,18.579952,,
2009-08-04,19.0,16.908825,,
2009-08-05,20.8,18.535845,,
2009-08-06,25.0,19.87012,,
2009-08-07,16.5,21.617552,,
2009-08-08,17.3,17.440582,,
2009-08-09,18.7,17.943493,,
2009-08-10,19.7,19.145355,,
2009-08-11,18.5,19.999651,,
2009-08-12,18.1,19.219753,,
2009-08-13,20.3,18.973642,,
2009-08-14,21.9,20.53731,,
2009-08-15,27.6,21.592075,,
2009-08-16,21.000000000000004,23.914022,,
2009-08-17,18.3,21.110916,,
2009-08-18,21.1,19.621895,,
2009-08-19,19.6,21.603525,,
2009-08-20,24.2,20.622759,,
2009-08-21,18.2,23.129435,,
2009-08-22,16.2,19.45008,,
2009-08-23,21.1,17.997414,,
2009-08-24,20.600000000000005,20.912727,,
2009-08-25,17.9,21.32427,,
2009-08-26,20.3,19.388475,,
2009-08-27,22.1,20.96803,,
2009-08-28,21.400000000000002,22.387249,,
2009-08-29,19.899999999999995,21.822763,,
2009-08-30,15.0,20.7159,,
2009-08-31,18.8,17.14707,,
2009-09-01,19.4,19.23745,,
2009-09-02,23.700000000000003,19.953785,,
2009-09-03,21.5,22.57944,,
2009-09-04,19.1,21.58354,,
2009-09-05,17.8,19.977715,,
2009-09-06,24.099999999999998,19.084991,,
2009-09-07,20.1,22.132298,,
2009-09-08,18.6,20.69662,,
2009-09-09,17.0,19.784521,,
2009-09-10,20.4,18.683022,,
2009-09-11,31.3,20.878765,,
2009-09-12,34.0,24.432892,,
2009-09-13,23.700000000000003,26.526674,,
2009-09-14,18.7,23.888226,,
2009-09-15,24.0,21.050701,,
2009-09-16,28.4,23.895647,,
2009-09-17,20.1,26.67106,,
2009-09-18,21.3,21.72487,,
2009-09-19,27.199999999999996,22.965193,,
2009-09-20,21.5,26.265226,,
2009-09-21,24.099999999999998,22.998928,,
2009-09-22,24.099999999999998,24.994225,,
2009-09-23,19.1,25.197016,,
2009-09-24,21.1,21.090878,,
2009-09-25,20.7,22.570337,,
2009-09-26,14.8,22.20368,,
2009-09-27,15.899999999999999,17.401554,,
2009-09-28,17.9,17.920517,,
2009-09-29,22.6,19.2863,,
2009-09-30,29.4,22.263712,,
2009-10-01,22.7,25.58929,,
2009-10-02,13.5,22.892347,,
2009-10-03,18.2,16.56335,,
2009-10-04,19.4,18.930185,,
2009-10-05,20.4,20.290085,,
2009-10-06,16.7,21.026531,,
2009-10-07,17.4,18.489948,,
2009-10-08,18.6,18.749018,,
2009-10-09,20.4,19.648733,,
2009-10-10,23.1,20.932783,,
2009-10-11,27.6,22.684793,,
2009-10-12,22.3,24.716888,,
2009-10-13,19.6,22.229149,,
2009-10-14,20.1,20.72795,,
2009-10-15,17.7,21.212822,,
2009-10-16,19.7,19.274912,,
2009-10-17,19.8,20.606064,,
2009-10-18,22.5,20.760014,,
2009-10-19,27.199999999999996,22.682842,,
2009-10-20,33.6,24.928476,,
2009-10-21,27.0,26.875082,,
2009-10-22,29.3,26.147532,,
2009-10-23,29.900000000000002,27.869846,,
2009-10-24,32.8,28.574808,,
2009-10-25,20.7,30.008474,,
2009-10-26,25.5,21.651375,,
2009-10-27,28.4,25.35557,,
2009-10-28,32.0,28.320293,,
2009-10-29,33.6,30.358486,,
2009-10-30,35.8,31.561607,,
2009-10-31,38.2,32.870586,,
2009-11-01,39.3,34.239483,,
2009-11-02,40.3,35.51154,,
2009-11-03,23.8,36.662315,,
2009-11-04,24.2,24.030945,,
2009-11-05,23.4,27.654793,,
2009-11-06,30.0,27.281738,,
2009-11-07,35.3,31.3239,,
2009-11-08,34.7,34.123142,,
2009-11-09,36.3,34.069374,,
2009-11-10,38.50000000000001,35.252216,,
2009-11-11,41.0,36.629,,
2009-11-12,41.1,37.79979,,
2009-11-13,38.2,38.224964,,
2009-11-14,40.3,36.08691,,
2009-11-15,41.6,38.628857,,
2009-11-16,35.3,39.303185,,
2009-11-17,32.1,33.955105,,
2009-11-18,42.1,33.478065,,
2009-11-19,41.7,38.975037,,
2009-11-20,35.3,40.096237,,
2009-11-21,22.5,34.134483,,
2009-11-22,23.4,24.16209,,
2009-11-23,22.8,27.951986,,
2009-11-24,27.1,26.931831,,
2009-11-25,35.3,30.17136,,
2009-11-26,22.7,33.39087,,
2009-11-27,33.4,24.91508,,
2009-11-28,23.700000000000003,31.247223,,
2009-11-29,23.8,26.3133,,
2009-11-30,25.2,26.969799,,
2009-12-01,27.199999999999996,28.13116,,
2009-12-02,30.8,29.393156,,
2009-12-03,34.6,31.149736,,
2009-12-04,26.9,32.357704,,
2009-12-05,27.1,27.088406,,
2009-12-06,30.9,28.810387,,
2009-12-07,32.1,31.230356,,
2009-12-08,21.9,31.846725,,
2009-12-09,24.6,22.987705,,
2009-12-10,24.2,26.366915,,
2009-12-11,24.2,26.168407,,
2009-12-12,26.9,26.189232,,
2009-12-13,29.099999999999998,28.622492,,
2009-12-14,32.1,30.005016,,
2009-12-15,35.4,31.592817,,
2009-12-16,40.89999999999999,32.86123,,
2009-12-17,36.5,34.516537,,
2009-12-18,25.600000000000005,33.79263,,
2009-12-19,28.4,26.180466,,
2009-12-20,31.1,30.500984,,
2009-12-21,35.8,32.36286,,
2009-12-22,37.0,34.29056,,
2009-12-23,40.8,34.995876,,
2009-12-24,32.7,36.633537,,
2009-12-25,28.4,31.799444,,
2009-12-26,30.4,30.629692,,
2009-12-27,32.4,32.946236,,
2009-12-28,36.2,33.819244,,
2009-12-29,36.6,35.94555,,
2009-12-30,38.9,35.61548,,
2009-12-31,37.2,37.366615,,
2010-01-01,37.4,35.608013,,
2010-01-02,27.4,36.39128,,
2010-01-03,27.199999999999996,28.098888,,
2010-01-04,30.9,30.44126,,
2010-01-05,36.3,33.288704,,
2010-01-06,34.3,35.768944,,
2010-01-07,34.6,33.985596,,
2010-01-08,38.2,34.54129,,
2010-01-09,42.00000000000001,37.11065,,
2010-01-10,44.2,38.915314,,
2010-01-11,43.599999999999994,40.160748,,
2010-01-12,41.1,40.429317,,
2010-01-13,27.0,38.429935,,
2010-01-14,29.099999999999998,27.546751,,
2010-01-15,33.9,32.989407,,
2010-01-16,35.4,35.5663,,
2010-01-17,25.2,35.804867,,
2010-01-18,24.8,27.07817,,
2010-01-19,28.2,28.70126,,
2010-01-20,36.6,31.404388,,
2010-01-21,40.8,34.834,,
2010-01-22,42.9,37.578686,,
2010-01-23,30.5,38.720924,,
2010-01-24,32.6,29.895317,,
2010-01-25,35.8,34.116398,,
2010-01-26,37.9,35.99206,,
2010-01-27,34.3,36.83461,,
2010-01-28,34.4,33.58034,,
2010-01-29,32.1,34.949883,,
2010-01-30,36.9,32.99178,,
2010-01-31,40.2,36.492966,,
2010-02-01,37.1,38.315506,,
2010-02-02,36.6,35.557274,,
2010-02-03,32.9,36.121834,,
2010-02-04,24.7,33.159435,,
2010-02-05,28.7,26.647436,,
2010-02-06,31.3,32.025658,,
2010-02-07,36.1,33.278103,,
2010-02-08,38.0,35.4537,,
2010-02-09,36.7,36.850246,,
2010-02-10,39.2,35.347473,,
2010-02-11,39.3,37.720913,,
2010-02-12,31.799999999999997,37.339386,,
2010-02-13,28.7,31.383545,,
2010-02-14,31.2,31.217064,,
2010-02-15,31.799999999999997,33.614353,,
2010-02-16,33.7,33.264523,,
2010-02-17,36.3,34.342712,,
2010-02-18,34.0,36.00715,,
2010-02-19,35.1,33.591198,,
2010-02-20,37.3,35.244286,,
2010-02-21,38.3,36.724335,,
2010-02-22,30.4,36.902233,,
2010-02-23,25.600000000000005,30.386461,,
2010-02-24,30.1,27.875587,,
2010-02-25,33.7,32.58534,,
2010-02-26,37.5,34.569683,,
2010-02-27,34.7,36.44075,,
2010-02-28,29.0,33.896736,,
2010-03-01,26.799999999999997,30.305315,,
2010-03-02,29.8,29.445105,,
2010-03-03,32.1,32.325832,,
2010-03-04,23.300000000000004,33.292046,,
2010-03-05,27.5,24.90016,,
2010-03-06,20.8,29.497501,,
2010-03-07,26.1,23.293875,,
2010-03-08,23.0,27.719748,,
2010-03-09,23.4,25.33034,,
2010-03-10,21.6,25.47701,,
2010-03-11,25.3,23.760935,,
2010-03-12,26.000000000000004,26.879686,,
2010-03-13,29.6,27.389267,,
2010-03-14,31.1,29.528093,,
2010-03-15,32.3,30.225801,,
2010-03-16,34.3,30.721567,,
2010-03-17,34.9,31.754356,,
2010-03-18,34.2,32.18332,,
2010-03-19,33.6,31.958853,,
2010-03-20,33.3,32.133667,,
2010-03-21,29.3,32.32393,,
2010-03-22,26.5,30.049618,,
2010-03-23,27.9,28.584572,,
2010-03-24,29.499999999999996,30.6235,,
2010-03-25,31.9,31.529734,,
2010-03-26,35.2,32.77606,,
2010-03-27,35.2,34.690834,,
2010-03-28,33.4,34.155483,,
2010-03-29,27.199999999999996,32.877327,,
2010-03-30,25.0,28.341684,,
2010-03-31,25.5,27.40024,,
2010-04-01,27.4,28.355438,,
2010-04-02,25.600000000000005,30.05413,,
2010-04-03,24.099999999999998,27.773216,,
2010-04-04,26.3,26.304373,,
2010-04-05,30.7,28.483131,,
2010-04-06,23.4,31.12344,,
2010-04-07,23.700000000000003,24.77871,,
2010-04-08,24.0,25.530766,,
2010-04-09,20.9,25.867685,,
2010-04-10,22.9,22.983257,,
2010-04-11,20.2,24.660109,,
2010-04-12,20.2,22.122595,,
2010-04-13,19.8,21.909683,,
2010-04-14,19.8,21.499043,,
2010-04-15,21.3,21.440193,,
2010-04-16,25.4,22.49852,,
2010-04-17,29.8,25.33298,,
2010-04-18,29.499999999999996,27.422173,,
2010-04-19,29.8,27.991488,,
2010-04-20,28.4,28.287516,,
2010-04-21,29.7,27.687351,,
2010-04-22,30.7,28.798096,,
2010-04-23,30.4,29.43638,,
2010-04-24,20.0,29.439152,,
2010-04-25,21.3,21.377632,,
2010-04-26,21.7,23.227951,,
2010-04-27,22.1,23.780664,,
2010-04-28,20.5,24.041393,,
2010-04-29,20.5,22.680834,,
2010-04-30,20.0,22.498058,,
2010-05-01,23.700000000000003,21.87711,,
2010-05-02,24.499999999999996,24.763762,,
2010-05-03,26.3,25.51962,,
2010-05-04,25.1,26.803328,,
2010-05-05,17.8,25.483383,,
2010-05-06,21.000000000000004,19.597027,,
2010-05-07,22.0,21.801813,,
2010-05-08,22.5,22.682957,,
2010-05-09,23.300000000000004,23.128473,,
2010-05-10,24.099999999999998,23.890089,,
2010-05-11,17.5,24.459936,,
2010-05-12,16.1,19.279016,,
2010-05-13,17.3,18.030376,,
2010-05-14,19.1,18.937725,,
2010-05-15,19.6,20.330803,,
2010-05-16,17.7,20.727013,,
2010-05-17,17.6,19.153008,,
2010-05-18,20.1,18.909834,,
2010-05-19,20.7,20.660107,,
2010-05-20,19.8,21.07158,,
2010-05-21,20.1,20.43624,,
2010-05-22,18.4,20.599941,,
2010-05-23,18.6,19.375443,,
2010-05-24,16.4,19.392952,,
2010-05-25,18.3,17.866602,,
2010-05-26,16.8,18.915825,,
2010-05-27,14.1,17.991425,,
2010-05-28,18.9,16.024197,,
2010-05-29,14.2,18.557959,,
2010-05-30,16.7,16.025396,,
2010-05-31,17.2,17.434666,,
2010-06-01,17.8,17.91074,,
2010-06-02,16.1,18.369936,,
2010-06-03,17.4,17.34431,,
2010-06-04,16.8,17.98334,,
2010-06-05,15.7,17.678093,,
2010-06-06,14.6,16.843954,,
2010-06-07,12.9,16.05403,,
2010-06-08,14.0,14.862867,,
2010-06-09,14.9,15.342746,,
2010-06-10,15.2,15.89472,,
2010-06-11,15.599999999999998,16.160265,,
2010-06-12,14.3,16.40993,,
2010-06-13,12.7,15.632049,,
2010-06-14,13.7,14.515869,,
2010-06-15,15.899999999999999,14.908496,,
2010-06-16,18.9,16.282219,,
2010-06-17,16.8,18.232914,,
2010-06-18,17.2,17.11733,,
2010-06-19,17.8,17.34621,,
2010-06-20,17.1,17.778107,,
2010-06-21,17.4,17.39251,,
2010-06-22,15.8,17.666115,,
2010-06-23,18.5,16.720066,,
2010-06-24,20.600000000000005,18.228863,,
2010-06-25,14.2,19.712145,,
2010-06-26,12.9,15.862864,,
2010-06-27,12.5,14.661292,,
2010-06-28,13.2,14.370668,,
2010-06-29,13.3,14.79752,,
2010-06-30,14.0,14.90313,,
2010-07-01,14.0,15.282028,,
2010-07-02,11.5,15.265513,,
2010-07-03,12.9,13.766855,,
2010-07-04,12.9,14.259329,,
2010-07-05,12.9,14.281494,,
2010-07-06,12.4,14.267705,,
2010-07-07,14.1,13.968565,,
2010-07-08,15.2,14.843459,,
2010-07-09,17.5,15.606041,,
2010-07-10,15.4,16.9156,,
2010-07-11,16.2,15.880243,,
2010-07-12,15.8,16.317982,,
2010-07-13,15.5,16.204077,,
2010-07-14,15.899999999999999,16.088285,,
2010-07-15,15.0,16.370537,,
2010-07-16,13.3,15.858949,,
2010-07-17,12.800000000000002,14.831332,,
2010-07-18,15.5,14.389603,,
2010-07-19,13.5,15.927636,,
2010-07-20,14.8,14.996391,,
2010-07-21,14.0,15.53781,,
2010-07-22,14.5,15.2089,,
2010-07-23,14.9,15.460583,,
2010-07-24,14.4,15.7452345,,
2010-07-25,15.0,15.479129,,
2010-07-26,16.1,15.759575,,
2010-07-27,16.3,16.500446,,
2010-07-28,17.5,16.667534,,
2010-07-29,17.9,17.427038,,
2010-07-30,19.8,17.703463,,
2010-07-31,16.6,18.757711,,
2010-08-01,12.7,17.073324,,
2010-08-02,14.1,14.676397,,
2010-08-03,14.1,15.301449,,
2010-08-04,13.3,15.377185,,
2010-08-05,13.399999999999999,14.859746,,
2010-08-06,13.7,14.858536,,
2010-08-07,14.0,14.991481,,
2010-08-08,16.6,15.214476,,
2010-08-09,18.7,16.813488,,
2010-08-10,11.5,18.343082,,
2010-08-11,15.599999999999998,14.129904,,
2010-08-12,16.2,15.44003,,
2010-08-13,15.599999999999998,16.263744,,
2010-08-14,18.5,16.116344,,
2010-08-15,15.1,17.767393,,
2010-08-16,14.1,16.092464,,
2010-08-17,15.2,15.340551,,
2010-08-18,21.3,16.049395,,
2010-08-19,15.7,18.579817,,
2010-08-20,14.4,16.631075,,
2010-08-21,16.5,15.794134,,
2010-08-22,16.6,17.160738,,
2010-08-23,14.8,17.351784,,
2010-08-24,17.1,16.207914,,
2010-08-25,15.0,17.42484,,
2010-08-26,15.1,16.288792,,
2010-08-27,15.300000000000002,16.1641,,
2010-08-28,16.2,16.345905,,
2010-08-29,16.6,16.922745,,
2010-08-30,19.3,17.208908,,
2010-08-31,21.5,18.861353,,
2010-09-01,17.9,20.290474,,
2010-09-02,18.6,18.214813,,
2010-09-03,20.8,18.574753,,
2010-09-04,18.7,20.008411,,
2010-09-05,16.7,18.899357,,
2010-09-06,15.599999999999998,17.723093,,
2010-09-07,16.5,16.98751,,
2010-09-08,17.7,17.57901,,
2010-09-09,22.6,18.424677,,
2010-09-10,18.4,20.901474,,
2010-09-11,15.4,18.946112,,
2010-09-12,20.600000000000005,16.98711,,
2010-09-13,20.3,19.51302,,
2010-09-14,16.6,20.334215,,
2010-09-15,16.5,17.958694,,
2010-09-16,16.1,17.68159,,
2010-09-17,16.5,17.502953,,
2010-09-18,16.0,17.689318,,
2010-09-19,15.8,17.31816,,
2010-09-20,17.4,17.055544,,
2010-09-21,18.4,18.089323,,
2010-09-22,19.0,18.873304,,
2010-09-23,18.6,19.262545,,
2010-09-24,18.9,19.024261,,
2010-09-25,23.2,19.153032,,
2010-09-26,20.3,21.112062,,
2010-09-27,22.4,20.092627,,
2010-09-28,17.2,21.430355,,
2010-09-29,17.1,18.13961,,
2010-09-30,18.1,18.07474,,
2010-10-01,21.3,18.944132,,
2010-10-02,24.2,21.153866,,
2010-10-03,27.0,22.977526,,
2010-10-04,29.099999999999998,24.664236,,
2010-10-05,27.4,26.085632,,
2010-10-06,26.4,25.896656,,
2010-10-07,19.2,25.768932,,
2010-10-08,21.1,20.741762,,
2010-10-09,23.1,22.257933,,
2010-10-10,28.5,24.055656,,
2010-10-11,28.5,26.83541,,
2010-10-12,30.0,27.745985,,
2010-10-13,19.4,28.67445,,
2010-10-14,24.2,20.688084,,
2010-10-15,13.3,24.00772,,
2010-10-16,15.8,16.359205,,
2010-10-17,16.0,18.235834,,
2010-10-18,18.4,18.571327,,
2010-10-19,21.2,20.016232,,
2010-10-20,24.0,22.024054,,
2010-10-21,27.199999999999996,24.350277,,
2010-10-22,31.6,26.145912,,
2010-10-23,20.4,27.593184,,
2010-10-24,21.6,21.292673,,
2010-10-25,24.4,22.769236,,
2010-10-26,27.8,25.009102,,
2010-10-27,22.5,26.613396,,
2010-10-28,27.4,23.155527,,
2010-10-29,32.8,25.88641,,
2010-10-30,15.8,28.086988,,
2010-10-31,18.4,18.054543,,
2010-11-01,18.9,20.2176,,
2010-11-02,20.0,21.096697,,
2010-11-03,20.1,21.779842,,
2010-11-04,18.7,21.808691,,
2010-11-05,23.300000000000004,20.648264,,
2010-11-06,27.199999999999996,23.53597,,
2010-11-07,31.5,25.976595,,
2010-11-08,26.5,27.772676,,
2010-11-09,31.2,26.228182,,
2010-11-10,33.7,28.450384,,
2010-11-11,37.4,29.70688,,
2010-11-12,37.5,31.139822,,
2010-11-13,17.7,32.04657,,
2010-11-14,22.0,19.570103,,
2010-11-15,23.1,23.520813,,
2010-11-16,22.199999999999996,25.744915,,
2010-11-17,25.8,24.90865,,
2010-11-18,24.099999999999998,27.881365,,
2010-11-19,25.600000000000005,26.501537,,
2010-11-20,30.1,27.646692,,
2010-11-21,33.3,30.224672,,
2010-11-22,33.9,31.72844,,
2010-11-23,30.2,32.162342,,
2010-11-24,32.2,29.818233,,
2010-11-25,29.4,31.71946,,
2010-11-26,31.7,29.738369,,
2010-11-27,19.6,31.48968,,
2010-11-28,19.3,21.23191,,
2010-11-29,17.7,21.944513,,
2010-11-30,21.2,20.736515,,
2010-12-01,25.8,23.512733,,
2010-12-02,27.9,26.888773,,
2010-12-03,32.3,28.764565,,
2010-12-04,33.7,30.889843,,
2010-12-05,33.3,31.831385,,
2010-12-06,31.5,31.578999,,
2010-12-07,30.8,30.635983,,
2010-12-08,25.1,30.638676,,
2010-12-09,27.199999999999996,26.28427,,
2010-12-10,22.8,28.838951,,
2010-12-11,24.499999999999996,24.986563,,
2010-12-12,23.8,26.652645,,
2010-12-13,24.8,26.02342,,
2010-12-14,30.3,26.75556,,
2010-12-15,26.5,30.152458,,
2010-12-16,24.8,27.676311,,
2010-12-17,26.3,26.317148,,
2010-12-18,24.3,27.976198,,
2010-12-19,18.4,25.94802,,
2010-12-20,23.1,20.52226,,
2010-12-21,22.9,24.161709,,
2010-12-22,27.199999999999996,24.20738,,
2010-12-23,29.8,27.315725,,
2010-12-24,31.7,29.10165,,
2010-12-25,32.5,29.950266,,
2010-12-26,28.8,30.543856,,
2010-12-27,25.0,28.562239,,
2010-12-28,26.3,26.237684,,
2010-12-29,35.3,28.068262,,
2010-12-30,37.6,31.098198,,
2010-12-31,42.1,32.747772,,
2011-01-01,37.8,34.577354,,
2011-01-02,31.1,34.619488,,
2011-01-03,29.499999999999996,30.714006,,
2011-01-04,28.8,31.580944,,
2011-01-05,30.8,31.424824,,
2011-01-06,33.6,32.829395,,
2011-01-07,36.9,34.384365,,
2011-01-08,37.4,36.06634,,
2011-01-09,25.3,35.9779,,
2011-01-10,28.1,25.562607,,
2011-01-11,26.3,30.832565,,
2011-01-12,28.6,29.266998,,
2011-01-13,27.1,31.10854,,
2011-01-14,28.0,29.435398,,
2011-01-15,32.3,30.349472,,
2011-01-16,34.2,32.767582,,
2011-01-17,26.000000000000004,33.73832,,
2011-01-18,26.799999999999997,26.586994,,
2011-01-19,27.8,28.82613,,
2011-01-20,32.0,30.096508,,
2011-01-21,36.3,32.43827,,
2011-01-22,34.6,34.047955,,
2011-01-23,34.2,33.12929,,
2011-01-24,30.9,33.10512,,
2011-01-25,37.6,31.091864,,
2011-01-26,31.799999999999997,34.82432,,
2011-01-27,34.2,31.660744,,
2011-01-28,30.8,34.55598,,
2011-01-29,33.7,31.495,,
2011-01-30,39.0,34.414036,,
2011-01-31,39.9,36.813976,,
2011-02-01,41.9,37.648216,,
2011-02-02,36.5,38.970596,,
2011-02-03,38.7,34.66582,,
2011-02-04,35.4,38.18479,,
2011-02-05,23.2,34.692947,,
2011-02-06,22.1,24.532267,,
2011-02-07,25.1,26.027195,,
2011-02-08,27.199999999999996,29.113888,,
2011-02-09,29.8,30.088053,,
2011-02-10,36.3,31.395208,,
2011-02-11,35.1,34.33676,,
2011-02-12,23.300000000000004,34.142696,,
2011-02-13,26.5,24.420927,,
2011-02-14,28.1,28.98402,,
2011-02-15,29.3,30.413803,,
2011-02-16,28.5,30.736338,,
2011-02-17,30.7,29.963081,,
2011-02-18,28.6,31.577812,,
2011-02-19,26.799999999999997,29.646498,,
2011-02-20,26.3,28.378607,,
2011-02-21,23.5,28.207333,,
2011-02-22,25.600000000000005,25.563187,,
2011-02-23,30.0,27.58732,,
2011-02-24,32.2,30.511284,,
2011-02-25,32.6,31.845089,,
2011-02-26,34.8,31.68592,,
2011-02-27,33.7,32.886665,,
2011-02-28,32.4,32.338284,,
2011-03-01,24.899999999999995,31.91091,,
2011-03-02,23.4,25.96529,,
2011-03-03,24.3,25.811068,,
2011-03-04,24.6,27.080797,,
2011-03-05,24.499999999999996,27.175615,,
2011-03-06,32.4,26.763231,,
2011-03-07,32.5,30.84051,,
2011-03-08,30.9,32.091953,,
2011-03-09,22.8,30.778849,,
2011-03-10,24.7,24.202623,,
2011-03-11,29.2,26.751463,,
2011-03-12,32.4,30.012798,,
2011-03-13,33.2,31.88448,,
2011-03-14,26.5,32.16479,,
2011-03-15,31.1,26.863592,,
2011-03-16,27.4,30.658066,,
2011-03-17,24.899999999999995,28.736486,,
2011-03-18,20.7,26.948313,,
2011-03-19,27.7,23.286646,,
2011-03-20,29.900000000000002,28.27316,,
2011-03-21,25.7,30.432495,,
2011-03-22,21.400000000000002,27.020813,,
2011-03-23,20.0,23.507298,,
2011-03-24,20.600000000000005,22.567852,,
2011-03-25,21.400000000000002,22.90988,,
2011-03-26,21.1,23.386385,,
2011-03-27,23.700000000000003,22.89546,,
2011-03-28,27.1,24.911411,,
2011-03-29,29.900000000000002,27.401146,,
2011-03-30,24.499999999999996,28.75796,,
2011-03-31,21.1,24.636047,,
2011-05-01,20.5,22.548302,,
2011-05-02,19.0,22.341541,,
2011-05-03,19.8,21.19646,,
2011-05-04,19.6,21.594759,,
2011-05-05,17.9,21.287386,,
2011-05-06,17.9,19.750795,,
2011-05-07,20.0,19.613514,,
2011-05-08,19.4,21.108044,,
2011-05-09,16.6,20.685793,,
2011-05-10,15.5,18.368504,,
2011-05-11,15.899999999999999,17.357117,,
2011-05-12,18.5,17.45488,,
2011-05-13,18.4,19.264713,,
2011-05-14,16.3,19.197153,,
2011-05-15,16.0,17.563911,,
2011-05-16,16.2,17.198282,,
2011-05-17,16.3,17.318548,,
2011-05-18,18.1,17.373598,,
2011-05-19,22.1,18.499893,,
2011-05-20,24.7,20.700293,,
2011-05-21,25.4,22.31112,,
2011-05-22,19.899999999999995,23.196161,,
2011-05-23,16.5,20.021019,,
2011-05-24,14.7,18.068506,,
2011-05-25,13.1,16.898378,,
2011-05-26,13.000000000000002,15.753098,,
2011-05-27,14.7,15.468005,,
2011-05-28,14.8,16.370525,,
2011-05-29,15.0,16.426542,,
2011-05-30,16.6,16.481195,,
2011-05-31,17.5,17.418272,,
2011-06-01,20.2,18.129013,,
2011-06-02,21.000000000000004,19.984234,,
2011-06-03,20.2,20.551676,,
2011-06-04,17.7,19.968006,,
2011-06-05,17.5,18.270945,,
2011-06-06,14.5,18.104504,,
2011-06-07,15.8,16.109192,,
2011-06-08,13.3,16.77058,,
2011-06-09,14.1,15.310017,,
2011-06-10,15.0,15.546333,,
2011-06-11,15.0,16.126791,,
2011-06-12,15.4,16.236116,,
2011-06-13,15.0,16.45538,,
2011-06-14,14.6,16.197577,,
2011-06-15,16.7,15.919098,,
2011-06-16,16.8,17.152939,,
2011-06-17,16.4,17.333939,,
2011-06-18,18.1,17.00409,,
2011-06-19,18.2,18.018284,,
2011-06-20,20.5,18.082024,,
2011-06-21,13.2,19.348776,,
2011-06-22,15.300000000000002,15.129396,,
2011-06-23,17.1,15.8946905,,
2011-06-24,18.7,17.215921,,
2011-06-25,18.1,18.457241,,
2011-06-26,20.0,18.303303,,
2011-06-27,16.9,19.623903,,
2011-06-28,17.3,17.707714,,
2011-06-29,20.1,17.91803,,
2011-06-30,19.8,19.8217,,
2011-07-01,19.7,19.753515,,
2011-07-02,20.9,19.813805,,
2011-07-03,14.4,20.66155,,
2011-07-04,16.8,16.326595,,
2011-07-05,15.7,17.486523,,
2011-07-06,16.0,16.812855,,
2011-07-07,13.5,17.010572,,
2011-07-08,12.9,15.511406,,
2011-07-09,13.9,14.913696,,
2011-07-10,14.0,15.342793,,
2011-07-11,12.800000000000002,15.435379,,
2011-07-12,11.4,14.692044,,
2011-07-13,11.6,13.605722,,
2011-07-14,14.4,13.48307,,
2011-07-15,13.9,15.069164,,
2011-07-16,12.1,15.024227,,
2011-07-17,16.0,13.907816,,
2011-07-18,14.3,15.635812,,
2011-07-19,14.6,15.123584,,
2011-07-20,16.6,15.288885,,
2011-07-21,14.9,16.558914,,
2011-07-22,14.8,15.64261,,
2011-07-23,16.8,15.529788,,
2011-07-24,19.5,16.763674,,
2011-07-25,17.7,18.201283,,
2011-07-26,15.0,17.539642,,
2011-07-27,16.7,16.057287,,
2011-07-28,19.1,16.98429,,
2011-07-29,20.7,18.581259,,
2011-07-30,20.5,19.674662,,
2011-07-31,21.3,19.835024,,
2011-08-01,24.8,20.41587,,
2011-08-02,26.7,22.124477,,
2011-08-03,27.7,23.767235,,
2011-08-04,27.9,24.996973,,
2011-08-05,14.0,25.684225,,
2011-08-06,17.4,16.562223,,
2011-08-07,14.5,18.342453,,
2011-08-08,15.4,16.884193,,
2011-08-09,14.1,17.389475,,
2011-08-10,13.1,16.497292,,
2011-08-11,18.0,15.652494,,
2011-08-12,18.1,18.333923,,
2011-08-13,16.5,19.150393,,
2011-08-14,20.3,18.007236,,
2011-08-15,21.5,20.259302,,
2011-08-16,20.5,21.385328,,
2011-08-17,17.3,20.636806,,
2011-08-18,15.0,18.387115,,
2011-08-19,16.8,16.649633,,
2011-08-20,19.899999999999995,17.662441,,
2011-08-21,20.600000000000005,19.672367,,
2011-08-22,21.1,20.23689,,
2011-08-23,21.400000000000002,20.738602,,
2011-08-24,23.1,21.064472,,
2011-08-25,24.6,22.18696,,
2011-08-26,18.6,23.335514,,
2011-08-27,19.1,19.347967,,
2011-08-28,20.8,19.813896,,
2011-08-29,18.9,21.262234,,
2011-08-30,17.3,19.913979,,
2011-08-31,17.9,18.732502,,
2011-09-01,19.6,19.163326,,
2011-09-02,23.300000000000004,20.431856,,
2011-09-03,28.7,22.917002,,
2011-09-04,22.4,25.25132,,
2011-09-05,24.2,22.44099,,
2011-09-06,17.5,24.048613,,
2011-09-07,18.3,19.249613,,
2011-09-08,18.3,19.76654,,
2011-09-09,17.8,19.772459,,
2011-09-10,17.9,19.388597,,
2011-09-11,19.1,19.359627,,
2011-09-12,16.6,20.211674,,
2011-09-13,23.5,18.373446,,
2011-09-14,23.8,21.320639,,
2011-09-15,26.5,23.310434,,
2011-09-16,25.9,25.130857,,
2011-09-17,33.2,25.043152,,
2011-09-18,24.3,27.186169,,
2011-09-19,32.3,24.162954,,
2011-09-20,20.2,27.332945,,
2011-09-21,23.4,21.696667,,
2011-09-22,28.7,24.086327,,
2011-09-23,19.4,27.227137,,
2011-09-24,15.5,21.408243,,
2011-09-25,20.7,18.536564,,
2011-09-26,24.3,22.04635,,
2011-09-27,30.600000000000005,25.25213,,
2011-09-28,27.3,28.309752,,
2011-09-29,18.1,27.516714,,
2011-09-30,18.7,20.333984,,
2011-10-01,17.5,20.867832,,
2011-10-02,19.8,19.976103,,
2011-10-03,21.400000000000002,21.499434,,
2011-10-04,26.5,22.716282,,
2011-10-05,17.4,25.452068,,
2011-10-06,20.3,19.323116,,
2011-10-07,22.6,21.075314,,
2011-10-08,22.9,22.963314,,
2011-10-09,22.5,23.317303,,
2011-10-10,19.2,23.197983,,
2011-10-11,21.3,20.67137,,
2011-10-12,22.199999999999996,22.115515,,
2011-10-13,26.4,22.66769,,
2011-10-14,31.5,24.825697,,
2011-10-15,25.2,26.904888,,
2011-10-16,22.4,24.838308,,
2011-10-17,24.0,23.44023,,
2011-10-18,30.4,25.05239,,
2011-10-19,33.5,27.716806,,
2011-10-20,30.0,29.252151,,
2011-10-21,24.3,28.875376,,
2011-10-22,28.300000000000004,25.164473,,
2011-10-23,36.1,28.41907,,
2011-10-24,31.9,31.305513,,
2011-10-25,21.5,30.870916,,
2011-10-26,24.4,22.928066,,
2011-10-27,29.8,26.322971,,
2011-10-28,35.6,30.009237,,
2011-10-29,23.9,32.611237,,
2011-10-30,22.199999999999996,24.875969,,
2011-10-31,21.7,24.7552,,
2011-11-01,26.4,24.645536,,
2011-11-02,24.6,28.38667,,
2011-11-03,26.000000000000004,26.812473,,
2011-11-04,28.7,27.763636,,
2011-11-05,35.5,29.694397,,
2011-11-06,29.900000000000002,31.86478,,
2011-11-07,34.3,29.513552,,
2011-11-08,29.8,31.880362,,
2011-11-09,33.7,29.61861,,
2011-11-10,25.2,32.37711,,
2011-11-11,27.7,26.02242,,
2011-11-12,30.8,29.379166,,
2011-11-13,34.9,31.56286,,
2011-11-14,31.0,33.26224,,
2011-11-15,34.9,30.849514,,
2011-11-16,25.1,33.923397,,
2011-11-17,33.5,25.888206,,
2011-11-18,37.70000000000001,31.784082,,
2011-11-19,28.9,34.841377,,
2011-11-20,25.600000000000005,29.518854,,
2011-11-21,25.5,28.089874,,
2011-11-22,24.899999999999995,28.632929,,
2011-11-23,25.1,27.814724,,
2011-11-24,22.9,27.80112,,
2011-11-25,28.2,25.450125,,
2011-11-26,25.0,29.463533,,
2011-11-27,28.7,26.958632,,
2011-11-28,34.7,29.881102,,
2011-11-29,36.4,32.339317,,
2011-11-30,23.700000000000003,33.316578,,
2011-12-01,24.6,23.973455,,
2011-12-02,26.2,26.88817,,
2011-12-03,29.3,28.635372,,
2011-12-04,25.4,30.45816,,
2011-12-05,28.0,26.863098,,
2011-12-06,29.8,29.5143,,
2011-12-07,32.0,30.60712,,
2011-12-08,34.6,31.757008,,
2011-12-09,29.8,32.962723,,
2011-12-10,31.1,29.72002,,
2011-12-11,27.9,31.901752,,
2011-12-12,26.000000000000004,29.131178,,
2011-12-13,26.000000000000004,27.93213,,
2011-12-14,27.199999999999996,28.26087,,
2011-12-15,30.3,29.311068,,
2011-12-16,35.2,31.353035,,
2011-12-17,32.8,33.39681,,
2011-12-18,31.2,31.973946,,
2011-12-19,28.4,31.366179,,
2011-12-20,28.5,29.76996,,
2011-12-21,30.1,30.554226,,
2011-12-22,33.4,31.675161,,
2011-12-23,34.5,33.422062,,
2011-12-24,38.2,33.599487,,
2011-12-25,34.8,35.36967,,
2011-12-26,28.6,33.275898,,
2011-12-27,28.0,29.501554,,
2011-12-28,31.1,30.561213,,
2011-12-29,32.0,33.03527,,
2011-12-30,33.9,32.940952,,
2011-12-31,37.2,34.008556,,
2012-01-01,38.8,35.9818,,
2012-01-02,40.4,36.826256,,
2012-01-03,38.0,37.781223,,
2012-01-04,31.2,35.954857,,
2012-01-05,31.2,31.320189,,
2012-01-06,29.8,33.258625,,
2012-01-07,35.5,31.977936,,
2012-01-08,28.4,35.55234,,
2012-01-09,25.7,29.986782,,
2012-01-10,25.9,28.497778,,
2012-01-11,25.3,29.091848,,
2012-01-12,26.000000000000004,28.187393,,
2012-01-13,27.8,28.646938,,
2012-01-14,29.0,30.044218,,
2012-01-15,31.3,30.502161,,
2012-01-16,35.7,31.852749,,
2012-01-17,37.1,33.935215,,
2012-01-18,37.1,34.592472,,
2012-01-19,36.5,34.586376,,
2012-01-20,35.6,34.44392,,
2012-01-21,34.5,34.164284,,
2012-01-22,37.1,33.760544,,
2012-01-23,35.2,35.82023,,
2012-01-24,36.5,34.22094,,
2012-01-25,38.4,36.05549,,
2012-01-26,36.2,37.297375,,
2012-01-27,37.1,35.11779,,
2012-01-28,32.7,36.78548,,
2012-01-29,24.899999999999995,32.82765,,
2012-01-30,30.1,26.670765,,
2012-01-31,25.7,32.57372,,
2012-02-01,28.1,28.663393,,
2012-02-02,30.3,31.043238,,
2012-02-03,31.799999999999997,32.026096,,
2012-02-04,35.1,32.581303,,
2012-02-05,32.0,34.633244,,
2012-02-06,25.8,31.860128,,
2012-02-07,26.000000000000004,27.186335,,
2012-02-08,25.9,28.52478,,
2012-02-09,27.1,28.430931,,
2012-02-10,26.7,29.431993,,
2012-02-11,27.8,28.744871,,
2012-02-12,28.9,29.579437,,
2012-02-13,30.7,30.282568,,
2012-02-14,33.8,31.322577,,
2012-02-15,35.6,32.980515,,
2012-02-16,33.4,33.851597,,
2012-02-17,33.8,32.165943,,
2012-02-18,36.3,33.20034,,
2012-02-19,37.4,34.686394,,
2012-02-20,32.2,35.16506,,
2012-02-21,30.5,31.510048,,
2012-02-22,32.4,31.933836,,
2012-02-23,35.8,33.734028,,
2012-02-24,38.4,35.65129,,
2012-02-25,38.3,37.00438,,
2012-02-26,37.8,36.55569,,
2012-02-27,33.0,36.34213,,
2012-02-28,23.8,32.77607,,
2012-02-29,18.9,25.48926,,
2012-03-01,24.6,22.352592,,
2012-03-02,22.199999999999996,27.437307,,
2012-03-03,20.5,25.400434,,
2012-03-04,25.9,23.595062,,
2012-03-05,25.0,27.4831,,
2012-03-06,25.4,27.331676,,
2012-03-07,26.3,27.411062,,
2012-03-08,27.1,28.115725,,
2012-03-09,29.499999999999996,28.604303,,
2012-03-10,25.8,29.990097,,
2012-03-11,27.9,26.376118,,
2012-03-12,28.4,28.427305,,
2012-03-13,31.6,28.76955,,
2012-03-14,33.9,30.16544,,
2012-03-15,34.4,31.273571,,
2012-03-16,26.1,31.979809,,
2012-03-17,24.4,26.213097,,
2012-03-18,27.0,26.447514,,
2012-03-19,28.0,29.48175,,
2012-03-20,30.7,29.869946,,
2012-03-21,22.4,31.464443,,
2012-03-22,21.799999999999997,23.832838,,
2012-03-23,20.4,23.98354,,
2012-03-24,21.7,22.912643,,
2012-03-25,24.4,24.014774,,
2012-03-26,25.9,26.094744,,
2012-03-27,26.3,27.190601,,
2012-03-28,27.8,27.324764,,
2012-03-29,30.5,28.533398,,
2012-03-30,30.3,29.826817,,
2012-03-31,30.600000000000005,29.476194,,
2012-04-01,25.0,29.843477,,
2012-04-02,31.9,25.496244,,
2012-04-03,29.6,29.556553,,
2012-04-04,28.9,29.722696,,
2012-04-05,31.1,29.432863,,
2012-04-06,33.7,31.028572,,
2012-04-07,19.7,32.35496,,
2012-04-08,21.400000000000002,20.64825,,
2012-04-09,20.9,23.561626,,
2012-04-10,18.7,23.52175,,
2012-04-11,20.7,21.22468,,
2012-04-12,24.8,22.944273,,
2012-04-13,26.3,26.030783,,
2012-04-14,28.0,27.542185,,
2012-04-15,30.7,28.57047,,
2012-04-16,29.7,29.952564,,
2012-04-17,28.300000000000004,29.225739,,
2012-04-18,27.3,28.48809,,
2012-04-19,26.7,28.009148,,
2012-04-20,28.300000000000004,27.701368,,
2012-04-21,27.199999999999996,29.022505,,
2012-04-22,24.3,27.795624,,
2012-04-23,21.1,25.573881,,
2012-04-24,17.0,23.071035,,
2012-04-25,18.7,19.716524,,
2012-04-26,18.8,21.122225,,
2012-04-27,20.9,20.928095,,
2012-04-28,22.3,22.42984,,
2012-04-29,20.1,23.419975,,
2012-04-30,21.5,21.586937,,
2012-05-01,27.3,22.558882,,
2012-05-02,17.4,25.841372,,
2012-05-03,18.5,19.123375,,
2012-05-04,17.6,19.848585,,
2012-05-05,17.5,19.220955,,
2012-05-06,19.4,19.035593,,
2012-05-07,24.899999999999995,20.448446,,
2012-05-08,27.7,23.30161,,
2012-05-09,26.3,25.119982,,
2012-05-10,23.700000000000003,25.230532,,
2012-05-11,19.2,23.735611,,
2012-05-12,16.5,20.693626,,
2012-05-13,17.9,18.772821,,
2012-05-14,17.7,19.815117,,
2012-05-15,17.7,19.610928,,
2012-05-16,19.6,19.32795,,
2012-05-17,20.5,20.610983,,
2012-05-18,23.1,21.312037,,
2012-05-19,20.600000000000005,23.15497,,
2012-05-20,18.5,21.226135,,
2012-05-21,20.600000000000005,19.681181,,
2012-05-22,21.2,21.303825,,
2012-05-23,22.3,21.674734,,
2012-05-24,16.6,22.33019,,
2012-05-25,15.5,18.124918,,
2012-05-26,17.7,17.095745,,
2012-05-27,17.0,18.684479,,
2012-05-28,15.899999999999999,18.355324,,
2012-05-29,16.2,17.416924,,
2012-05-30,18.4,17.525908,,
2012-05-31,21.000000000000004,19.061348,,
2012-06-01,20.7,21.027761,,
2012-06-02,17.4,20.731752,,
2012-06-03,14.8,18.462477,,
2012-06-04,14.1,16.53706,,
2012-06-05,15.5,15.968307,,
2012-06-06,14.8,16.760096,,
2012-06-07,14.8,16.334665,,
2012-06-08,13.7,16.114052,,
2012-06-09,13.3,15.390852,,
2012-06-10,15.4,15.030485,,
2012-06-11,15.8,16.193102,,
2012-06-12,17.7,16.61671,,
2012-06-13,19.5,17.830301,,
2012-06-14,18.5,19.132084,,
2012-06-15,17.8,18.48906,,
2012-06-16,17.9,18.033009,,
2012-06-17,17.1,18.05229,,
2012-06-18,18.2,17.567606,,
2012-06-19,17.5,18.341072,,
2012-06-20,19.1,17.936619,,
2012-06-21,14.2,19.034538,,
2012-06-22,10.700000000000001,15.9419775,,
2012-06-23,14.3,13.360308,,
2012-06-24,17.4,15.190813,,
2012-06-25,17.5,17.507042,,
2012-06-26,15.2,17.870975,,
2012-06-27,13.1,16.483593,,
2012-06-28,16.6,15.01413,,
2012-06-29,18.4,16.852839,,
2012-06-30,15.300000000000002,18.30324,,
2012-07-01,15.1,16.537085,,
2012-07-02,13.599999999999998,16.1399,,
2012-07-03,16.9,15.287515,,
2012-07-04,16.0,17.028511,,
2012-07-05,14.7,16.714628,,
2012-07-06,15.599999999999998,15.881539,,
2012-07-07,18.0,16.365862,,
2012-07-08,15.5,18.03572,,
2012-07-09,18.6,16.556252,,
2012-07-10,13.1,18.045269,,
2012-07-11,14.6,15.039587,,
2012-07-12,20.5,15.554768,,
2012-07-13,17.5,18.130756,,
2012-07-14,14.3,17.692629,,
2012-07-15,16.3,15.920167,,
2012-07-16,18.5,16.979633,,
2012-07-17,17.9,18.4642,,
2012-07-18,14.7,18.240952,,
2012-07-19,14.7,16.263073,,
2012-07-20,17.0,15.992194,,
2012-07-21,17.2,17.496733,,
2012-07-22,17.8,17.764326,,
2012-07-23,17.2,18.143372,,
2012-07-24,16.9,17.849771,,
2012-07-25,19.8,17.592236,,
2012-07-26,16.3,19.360847,,
2012-07-27,16.2,17.291857,,
2012-07-28,15.7,17.044844,,
2012-07-29,13.7,16.857517,,
2012-07-30,14.6,15.520978,,
2012-07-31,13.7,15.871348,,
2012-08-01,15.5,15.3054495,,
2012-08-02,16.6,16.30571,,
2012-08-03,18.6,17.118494,,
2012-08-04,19.5,18.528116,,
2012-08-05,19.6,19.190338,,
2012-08-06,14.8,19.28832,,
2012-08-07,19.4,16.275202,,
2012-08-08,18.6,18.091314,,
2012-08-09,15.4,18.500025,,
2012-08-10,14.9,16.653587,,
2012-08-11,17.0,16.19699,,
2012-08-12,16.4,17.614002,,
2012-08-13,19.6,17.32743,,
2012-08-14,18.9,19.225557,,
2012-08-15,18.0,19.071724,,
2012-08-16,18.2,18.596264,,
2012-08-17,13.2,18.759764,,
2012-08-18,15.7,15.508983,,
2012-08-19,15.8,16.618671,,
2012-08-20,17.3,16.719877,,
2012-08-21,20.600000000000005,17.697062,,
2012-08-22,22.199999999999996,20.011845,,
2012-08-23,18.7,21.089811,,
2012-08-24,16.7,18.917225,,
2012-08-25,16.2,17.699484,,
2012-08-26,15.5,17.469358,,
2012-08-27,18.6,17.000265,,
2012-08-28,22.8,18.889076,,
2012-08-29,20.8,21.121243,,
2012-08-30,15.8,20.513557,,
2012-08-31,18.5,17.354416,,
2012-09-01,18.5,18.724554,,
2012-09-02,23.6,19.033249,,
2012-09-03,25.7,21.703638,,
2012-09-04,27.1,23.60008,,
2012-09-05,23.1,24.916872,,
2012-09-06,21.799999999999997,22.739752,,
2012-09-07,17.4,22.25917,,
2012-09-08,19.1,19.22285,,
2012-09-09,19.8,20.471716,,
2012-09-10,23.6,20.984402,,
2012-09-11,25.8,23.601948,,
2012-09-12,29.900000000000002,25.353733,,
2012-09-13,18.2,26.868961,,
2012-09-14,18.8,19.508812,,
2012-09-15,21.000000000000004,20.442396,,
2012-09-16,23.1,22.34109,,
2012-09-17,20.9,24.0439,,
2012-09-18,19.3,22.183388,,
2012-09-19,20.1,20.794104,,
2012-09-20,30.8,21.403896,,
2012-09-21,23.300000000000004,25.493364,,
2012-09-22,25.7,23.725817,,
2012-09-23,21.400000000000002,25.838379,,
2012-09-24,18.3,22.582571,,
2012-09-25,21.6,20.272053,,
2012-09-26,26.000000000000004,22.783844,,
2012-09-27,36.4,25.506756,,
2012-09-28,21.799999999999997,27.871958,,
2012-09-29,17.5,22.623322,,
2012-09-30,18.7,20.216337,,
2012-10-01,22.1,21.45711,,
2012-10-02,24.2,23.908655,,
2012-10-03,30.2,25.479105,,
2012-10-04,33.7,27.917187,,
2012-10-05,25.600000000000005,29.48384,,
2012-10-06,21.400000000000002,25.805702,,
2012-10-07,20.0,23.48736,,
2012-10-08,22.9,22.580772,,
2012-10-09,22.5,24.85882,,
2012-10-10,18.9,24.363068,,
2012-10-11,15.1,21.140152,,
2012-10-12,20.0,17.955503,,
2012-10-13,22.9,20.934107,,
2012-10-14,28.6,23.561047,,
2012-10-15,32.8,26.53088,,
2012-10-16,26.6,28.561344,,
2012-10-17,22.4,26.431734,,
2012-10-18,28.0,23.83695,,
2012-10-19,34.9,26.872473,,
2012-10-20,29.2,29.02075,,
2012-10-21,25.7,28.347393,,
2012-10-22,23.300000000000004,26.594482,,
2012-10-23,28.300000000000004,25.231638,,
2012-10-24,32.4,28.49265,,
2012-10-25,23.300000000000004,30.389782,,
2012-10-26,22.1,24.357876,,
2012-10-27,23.9,24.259998,,
2012-10-28,26.6,26.192566,,
2012-10-29,31.2,28.53105,,
2012-10-30,34.0,30.735626,,
2012-10-31,37.70000000000001,31.78681,,
2012-11-01,24.3,33.08902,,
2012-11-02,23.8,24.57475,,
2012-11-03,27.8,26.393587,,
2012-11-04,37.1,29.778965,,
2012-11-05,33.3,32.63353,,
2012-11-06,27.6,32.273872,,
2012-11-07,28.7,28.598488,,
2012-11-08,26.6,30.713482,,
2012-11-09,25.2,28.809921,,
2012-11-10,25.5,27.645672,,
2012-11-11,31.9,27.995886,,
2012-11-12,31.5,31.705254,,
2012-11-13,26.000000000000004,31.7062,,
2012-11-14,29.2,27.044031,,
2012-11-15,27.7,30.44156,,
2012-11-16,26.1,29.233492,,
2012-11-17,26.5,27.817356,,
2012-11-18,26.3,28.40726,,
2012-11-19,28.8,28.157177,,
2012-11-20,33.7,30.101374,,
2012-11-21,27.9,32.137875,,
2012-11-22,29.3,28.15438,,
2012-11-23,32.3,30.537983,,
2012-11-24,38.2,32.28814,,
2012-11-25,37.1,34.188046,,
2012-11-26,35.5,34.504025,,
2012-11-27,37.4,33.73246,,
2012-11-28,39.79999999999999,35.3834,,
2012-11-29,45.49999999999999,36.8068,,
2012-11-30,31.9,38.879326,,
2013-01-01,36.4,30.87523,,
2013-01-02,34.1,36.31268,,
2013-01-03,40.0,34.53419,,
2013-01-04,44.2,38.58862,,
2013-01-05,44.0,41.003532,,
2013-01-06,40.7,41.243214,,
2013-01-07,44.2,38.28836,,
2013-01-08,38.9,42.20438,,
2013-01-09,27.4,36.781456,,
2013-01-10,32.6,28.860348,,
2013-01-11,43.3,35.075863,,
2013-01-12,30.8,39.813446,,
2013-01-13,24.6,30.781008,,
2013-01-14,25.9,28.074717,,
2013-01-15,34.9,30.544851,,
2013-01-16,38.7,34.26203,,
2013-01-17,45.0,36.81944,,
2013-01-18,35.2,39.897182,,
2013-01-19,30.0,33.498425,,
2013-01-20,33.7,31.447386,,
2013-01-21,37.4,34.97414,,
2013-01-22,33.6,36.95695,,
2013-01-23,32.7,33.393894,,
2013-01-24,39.4,33.712513,,
2013-01-25,31.3,37.514427,,
2013-01-26,30.2,31.4382,,
2013-01-27,30.1,32.383274,,
2013-01-28,30.9,32.376274,,
2013-01-29,26.7,32.673817,,
2013-01-30,29.0,28.87087,,
2013-01-31,30.9,31.68005,,
2013-03-01,28.9,32.465855,,
2013-03-02,29.099999999999998,30.434164,,
2013-03-03,30.600000000000005,30.942106,,
2013-03-04,33.7,32.00356,,
2013-03-05,34.5,33.803925,,
2013-03-06,34.9,33.676277,,
2013-03-07,36.7,33.83854,,
2013-03-08,36.7,35.285954,,
2013-03-09,36.2,34.97689,,
2013-03-10,36.9,34.805183,,
2013-03-11,37.2,35.713326,,
2013-03-12,38.1,35.920788,,
2013-03-13,29.0,36.75354,,
2013-03-14,27.199999999999996,29.481401,,
2013-03-15,29.099999999999998,30.124998,,
2013-03-16,27.7,32.2038,,
2013-03-17,23.4,30.376057,,
2013-03-18,24.8,25.995916,,
2013-03-19,27.9,27.771137,,
2013-03-20,33.1,30.290533,,
2013-03-21,30.2,32.811382,,
2013-03-22,23.6,30.788927,,
2013-03-23,27.0,25.184578,,
2013-03-24,28.7,28.851444,,
2013-03-25,29.0,30.165075,,
2013-03-26,34.8,30.109436,,
2013-03-27,37.8,32.65576,,
2013-03-28,23.9,33.753807,,
2013-03-29,21.3,24.129204,,
2013-03-30,21.400000000000002,24.019167,,
2013-03-31,24.8,24.69537,,
2013-04-01,22.5,27.579361,,
2013-04-02,25.9,25.091461,,
2013-04-03,22.7,27.802206,,
2013-04-04,24.2,24.859919,,
2013-04-05,31.0,26.023945,,
2013-04-06,31.1,29.43922,,
2013-04-07,32.1,30.505789,,
2013-04-08,31.3,30.998465,,
2013-04-09,30.8,30.468517,,
2013-04-10,31.5,30.474081,,
2013-04-11,31.0,30.938555,,
2013-04-12,32.4,30.558008,,
2013-04-13,32.8,31.675415,,
2013-04-14,28.8,32.08728,,
2013-04-15,24.099999999999998,29.359213,,
2013-04-16,21.9,25.923897,,
2013-04-17,23.1,24.536919,,
2013-04-18,22.3,25.780876,,
2013-04-19,19.7,24.725266,,
2013-04-20,20.3,22.121754,,
2013-04-21,16.7,22.542439,,
2013-04-22,21.3,19.210243,,
2013-04-23,20.1,22.49938,,
2013-04-24,22.0,21.862688,,
2013-04-25,24.7,23.070877,,
2013-04-26,24.899999999999995,25.272074,,
2013-04-27,28.4,25.276018,,
2013-04-28,26.6,27.158955,,
2013-04-29,16.9,25.972225,,
2013-04-30,20.3,18.726107,,
2013-05-01,20.600000000000005,20.85002,,
2013-05-02,19.7,21.631193,,
2013-05-03,24.0,21.08273,,
2013-05-04,20.7,23.882431,,
2013-05-05,18.2,21.813305,,
2013-05-06,20.4,19.899622,,
2013-05-07,26.2,21.660961,,
2013-05-08,28.5,24.862476,,
2013-05-09,27.5,26.738111,,
2013-05-10,26.7,26.856321,,
2013-05-11,27.1,26.4702,,
2013-05-12,20.1,26.85216,,
2013-05-13,16.0,21.439163,,
2013-05-14,15.5,18.475052,,
2013-05-15,18.6,18.173138,,
2013-05-16,17.4,20.456347,,
2013-05-17,17.4,19.536266,,
2013-05-18,18.6,19.253365,,
2013-05-19,21.3,19.928928,,
2013-05-20,24.6,21.984373,,
2013-05-21,21.6,24.422844,,
2013-05-22,12.0,22.170708,,
2013-05-23,17.6,15.1483345,,
2013-05-24,18.0,17.548773,,
2013-05-25,16.9,18.659271,,
2013-05-26,18.8,17.939308,,
2013-05-27,17.3,19.186337,,
2013-05-28,18.5,18.413395,,
2013-05-29,23.2,19.14231,,
2013-05-30,16.1,21.724203,,
2013-05-31,20.2,17.637156,,
2013-06-01,15.899999999999999,19.556229,,
2013-06-02,17.1,17.351759,,
2013-06-03,16.6,18.113476,,
2013-06-04,13.399999999999999,17.870594,,
2013-06-05,15.300000000000002,15.64341,,
2013-06-06,17.3,16.535278,,
2013-06-07,18.2,17.941465,,
2013-06-08,17.1,18.639791,,
2013-06-09,16.5,17.961483,,
2013-06-10,20.2,17.472233,,
2013-06-11,20.8,19.55555,,
2013-06-12,15.4,20.327312,,
2013-06-13,14.6,16.860584,,
2013-06-14,14.7,15.9943495,,
2013-06-15,14.5,16.093204,,
2013-06-16,14.8,15.9965925,,
2013-06-17,14.8,16.099348,,
2013-06-18,14.8,16.075459,,
2013-06-19,15.0,16.05391,,
2013-06-20,16.1,16.154686,,
2013-06-21,16.7,16.842127,,
2013-06-22,15.4,17.306833,,
2013-06-23,17.4,16.492647,,
2013-06-24,16.8,17.586578,,
2013-06-25,16.5,17.330332,,
2013-06-26,18.5,17.077093,,
2013-06-27,18.4,18.233261,,
2013-06-28,17.9,18.252132,,
2013-06-29,16.5,18.057255,,
2013-06-30,18.4,17.247213,,
2013-07-01,18.0,18.451899,,
2013-07-02,18.2,18.286333,,
2013-07-03,19.0,18.518389,,
2013-07-04,19.4,19.114672,,
2013-07-05,15.2,19.42777,,
2013-07-06,17.0,16.71361,,
2013-07-07,17.3,17.65948,,
2013-07-08,15.899999999999999,17.944485,,
2013-07-09,12.7,17.109564,,
2013-07-10,16.7,14.90794,,
2013-07-11,19.0,17.040323,,
2013-07-12,20.3,18.865242,,
2013-07-13,19.2,19.893938,,
2013-07-14,20.2,19.317236,,
2013-07-15,17.6,20.07383,,
2013-07-16,17.8,18.338552,,
2013-07-17,18.4,18.459267,,
2013-07-18,21.2,18.934433,,
2013-07-19,17.7,20.618286,,
2013-07-20,11.9,18.384693,,
2013-07-21,13.9,14.552046,,
2013-07-22,14.2,15.520346,,
2013-07-23,14.9,15.726171,,
2013-07-24,15.0,16.058437,,
2013-07-25,14.5,16.186762,,
2013-07-26,18.1,15.91776,,
2013-07-27,19.1,18.015371,,
2013-07-28,23.4,18.963596,,
2013-07-29,19.899999999999995,20.970657,,
2013-07-30,16.8,19.57556,,
2013-07-31,15.2,17.77844,,
2013-08-01,17.1,16.734682,,
2013-08-02,18.6,17.936554,,
2013-08-03,17.7,18.835167,,
2013-08-04,16.6,18.269526,,
2013-08-05,21.400000000000002,17.61842,,
2013-08-06,18.8,19.911243,,
2013-08-07,17.2,19.150455,,
2013-08-08,16.1,18.225693,,
2013-08-09,15.2,17.495157,,
2013-08-10,19.5,16.851204,,
2013-08-11,22.7,19.234406,,
2013-08-12,17.4,21.442934,,
2013-08-13,19.7,18.252401,,
2013-08-14,19.4,19.53457,,
2013-08-17,18.8,19.719753,,
2013-08-18,22.6,19.454151,,
2013-08-19,13.3,21.575579,,
2013-08-20,14.5,15.716339,,
2013-08-21,16.9,16.044136,,
2013-08-22,17.4,17.73396,,
2013-08-23,18.6,18.120817,,
2013-08-24,16.7,18.976591,,
2013-08-25,21.000000000000004,17.934343,,
2013-08-26,22.1,20.045471,,
2013-08-27,26.4,21.53002,,
2013-08-28,26.5,23.444803,,
2013-08-29,27.6,24.265282,,
2013-08-30,23.0,25.303322,,
2013-08-31,27.0,22.859762,,
2013-09-01,29.900000000000002,25.052603,,
2013-09-02,30.600000000000005,26.913633,,
2013-09-03,29.4,27.869213,,
2013-09-04,32.8,27.98066,,
2013-09-05,30.0,29.824492,,
2013-09-06,23.5,29.114826,,
2013-09-07,23.0,24.63049,,
2013-09-08,26.2,25.039831,,
2013-09-09,33.1,28.18036,,
2013-09-10,20.9,31.23208,,
2013-09-11,20.7,22.303793,,
2013-09-12,21.400000000000002,23.05426,,
2013-09-13,18.1,23.8827,,
2013-09-14,22.3,20.83797,,
2013-09-15,24.2,23.922033,,
2013-09-16,24.7,25.65222,,
2013-09-17,19.899999999999995,25.775503,,
2013-09-18,20.3,21.669994,,
2013-09-19,20.4,21.858282,,
2013-09-20,20.4,21.902985,,
2013-09-21,24.6,21.74996,,
2013-09-22,25.9,24.542833,,
2013-09-23,31.799999999999997,25.864517,,
2013-09-24,30.4,27.719336,,
2013-09-25,28.6,28.00813,,
2013-09-26,20.8,27.58036,,
2013-09-27,26.5,22.085188,,
2013-09-28,23.4,25.411148,,
2013-09-29,28.0,24.656668,,
2013-09-30,32.1,27.947245,,
2013-10-01,19.899999999999995,29.747707,,
2013-10-02,22.5,21.288034,,
2013-10-03,19.7,23.938387,,
2013-10-04,24.8,21.982094,,
2013-10-05,30.7,25.573647,,
2013-10-06,23.5,28.939013,,
2013-10-07,24.2,24.667479,,
2013-10-08,24.8,25.768715,,
2013-10-09,34.9,26.368847,,
2013-10-10,29.4,29.652006,,
2013-10-11,23.300000000000004,28.93048,,
2013-10-12,29.3,24.547508,,
2013-10-13,21.1,28.340075,,
2013-10-14,20.2,22.987429,,
2013-10-15,24.2,22.582108,,
2013-10-16,30.5,25.861032,,
2013-10-17,20.7,29.04041,,
2013-10-18,25.5,22.284178,,
2013-10-19,31.3,25.79466,,
2013-10-20,37.8,29.04737,,
2013-10-21,31.5,31.473412,,
2013-10-22,26.7,30.35193,,
2013-10-23,21.1,27.708223,,
2013-10-24,20.1,23.669407,,
2013-10-25,21.5,23.16053,,
2013-10-26,24.4,24.300903,,
2013-10-27,27.0,26.563854,,
2013-10-28,25.5,28.30729,,
2013-10-29,24.0,26.79527,,
2013-10-30,24.3,25.495253,,
2013-10-31,25.8,25.881784,,
2013-11-01,30.9,27.107346,,
2013-11-02,37.2,29.787407,,
2013-11-03,25.2,31.678978,,
2013-11-04,23.8,25.379944,,
2013-11-05,29.2,25.779621,,
2013-11-06,34.2,29.095478,,
2013-11-07,37.70000000000001,30.976294,,
2013-11-08,21.7,32.658283,,
2013-11-09,21.9,22.635971,,
2013-11-10,22.1,24.782366,,
2013-11-11,19.5,25.259237,,
2013-11-12,22.7,22.64677,,
2013-11-13,23.4,25.225224,,
2013-11-14,25.7,25.589329,,
2013-11-15,25.3,27.354843,,
2013-11-16,25.9,26.878923,,
2013-11-17,29.2,27.165768,,
2013-11-18,32.0,29.144056,,
2013-11-19,36.0,30.343754,,
2013-11-20,25.1,31.759943,,
2013-11-21,25.2,25.239477,,
2013-11-22,24.8,27.044836,,
2013-11-23,25.0,26.721004,,
2013-11-24,25.5,26.933193,,
2013-11-25,28.7,27.304947,,
2013-11-26,33.7,29.564205,,
2013-11-27,37.8,31.479769,,
2013-11-28,25.9,33.119408,,
2013-11-29,25.600000000000005,26.081818,,
2013-11-30,28.8,27.97116,,
2013-12-01,35.9,30.798748,,
2013-12-02,40.099999999999994,33.35769,,
2013-12-03,39.6,34.908295,,
2013-12-04,23.2,35.51673,,
2013-12-05,21.000000000000004,23.856909,,
2013-12-06,24.7,24.581692,,
2013-12-07,29.0,28.35213,,
2013-12-08,35.9,31.089214,,
2013-12-09,27.199999999999996,34.010273,,
2013-12-10,24.6,28.52831,,
2013-12-11,25.8,27.297277,,
2013-12-12,28.2,28.915365,,
2013-12-13,29.7,30.404976,,
2013-12-14,28.4,30.875502,,
2013-12-15,30.600000000000005,29.674824,,
2013-12-16,33.7,31.396475,,
2013-12-17,35.8,32.799175,,
2013-12-18,39.9,33.471542,,
2013-12-19,42.6,34.62919,,
2013-12-20,43.1,36.2703,,
2013-12-21,36.5,37.74924,,
2013-12-22,28.2,34.424137,,
2013-12-23,24.899999999999995,29.733788,,
2013-12-24,25.600000000000005,28.51561,,
2013-12-25,31.0,29.859844,,
2013-12-26,34.3,33.067783,,
2013-12-27,32.7,34.828968,,
2013-12-28,42.00000000000001,33.04017,,
2013-12-29,28.9,37.383537,,
2013-12-30,32.6,29.188255,,
2013-12-31,35.0,33.85881,,
2014-01-01,37.70000000000001,35.27806,,
2014-01-02,28.0,36.67162,,
2014-01-03,27.6,28.774048,,
2014-01-04,27.3,30.642864,,
2014-01-05,29.6,30.513737,,
2014-01-06,25.5,31.901588,,
2014-01-07,26.6,27.764788,,
2014-01-08,29.2,29.179552,,
2014-01-09,37.1,31.10954,,
2014-01-10,35.9,34.5531,,
2014-01-11,39.3,34.435894,,
2014-01-12,36.7,36.163612,,
2014-01-13,42.00000000000001,34.622128,,
2014-01-14,45.2,37.490643,,
2014-01-15,44.1,39.06599,,
2014-01-16,44.0,39.7598,,
2014-01-17,44.1,40.290936,,
2014-01-18,38.2,41.07959,,
2014-01-19,34.0,36.152977,,
2014-01-20,34.9,34.754482,,
2014-01-21,31.1,36.528286,,
2014-01-22,29.6,32.52706,,
2014-01-23,38.9,32.226574,,
2014-01-24,28.4,37.119656,,
2014-01-25,29.6,29.620243,,
2014-01-26,33.7,32.561577,,
2014-01-27,39.3,34.566975,,
2014-01-28,42.1,37.221397,,
2014-01-29,38.9,39.11148,,
2014-01-30,43.3,36.681488,,
2014-01-31,43.5,40.049202,,
2014-02-01,41.9,40.55244,,
2014-02-02,44.1,39.219494,,
2014-02-03,40.5,41.631733,,
2014-02-04,33.2,38.084496,,
2014-02-05,38.1,33.152126,,
2014-02-06,40.2,38.447937,,
2014-02-07,40.4,39.746674,,
2014-02-08,43.7,38.958065,,
2014-02-09,40.2,41.718094,,
2014-02-10,35.4,38.043545,,
2014-02-11,39.4,34.828976,,
2014-02-12,41.3,39.148033,,
2014-02-13,33.5,40.052387,,
2014-02-14,22.8,32.504436,,
2014-02-15,28.9,25.095509,,
2014-02-16,28.0,32.029045,,
2014-02-17,29.8,31.235485,,
2014-02-18,30.8,31.664976,,
2014-02-19,25.4,31.900576,,
2014-02-20,23.300000000000004,27.54973,,
2014-02-21,23.5,26.373022,,
2014-02-22,27.6,26.446346,,
2014-02-23,30.600000000000005,29.799374,,
2014-02-24,35.2,31.439623,,
2014-02-25,35.6,33.384785,,
2014-02-26,28.5,33.73835,,
2014-02-27,26.5,28.594122,,
2014-02-28,28.9,28.490723,,
2014-03-01,31.1,30.802662,,
2014-03-02,30.7,31.913633,,
2014-03-03,33.4,31.137592,,
2014-03-04,34.7,33.113655,,
2014-03-05,31.7,33.61544,,
2014-03-06,28.1,31.314396,,
2014-03-07,27.6,29.459423,,
2014-03-08,30.8,29.84298,,
2014-03-09,36.2,32.493637,,
2014-03-10,38.2,34.919384,,
2014-03-11,35.9,35.95908,,
2014-03-12,26.4,34.2527,,
2014-03-13,26.5,26.989874,,
2014-03-14,31.3,29.38094,,
2014-03-15,32.7,32.901566,,
2014-03-16,24.0,33.46595,,
2014-03-17,28.4,25.555428,,
2014-03-18,29.3,30.320694,,
2014-03-19,28.8,31.126097,,
2014-03-20,32.2,30.402607,,
2014-03-21,30.9,32.744007,,
2014-03-22,23.1,31.349989,,
2014-03-23,21.6,24.492922,,
2014-03-24,22.5,23.949844,,
2014-03-25,22.6,24.993887,,
2014-03-26,30.1,24.951107,,
2014-03-27,27.4,29.260609,,
2014-03-28,29.4,28.48217,,
2014-03-29,31.1,30.084585,,
2014-03-30,32.0,30.892431,,
2014-03-31,33.8,31.207804,,
2014-04-01,34.9,32.311836,,
2014-04-02,29.7,32.89042,,
2014-04-03,21.5,29.557354,,
2014-04-04,23.5,23.479303,,
2014-04-05,24.6,26.036127,,
2014-04-06,26.2,27.033886,,
2014-04-07,27.5,28.29653,,
2014-04-08,27.199999999999996,29.32448,,
2014-04-09,21.000000000000004,28.838,,
2014-04-10,20.600000000000005,23.061087,,
2014-04-11,21.3,22.862106,,
2014-04-12,23.2,23.3638,,
2014-04-13,23.700000000000003,24.863567,,
2014-04-14,22.8,25.071047,,
2014-04-15,22.0,24.096407,,
2014-04-16,23.6,23.269693,,
2014-04-17,24.7,24.540104,,
2014-04-18,23.6,25.253391,,
2014-04-19,18.6,24.25113,,
2014-04-20,21.799999999999997,20.235765,,
2014-04-21,26.2,22.600471,,
2014-04-22,26.9,25.505459,,
2014-04-23,22.8,26.618826,,
2014-04-24,22.0,23.246693,,
2014-04-25,23.5,22.995338,,
2014-04-26,24.499999999999996,24.501797,,
2014-04-27,19.4,25.14323,,
2014-04-28,26.7,20.9539,,
2014-04-29,20.7,24.376408,,
2014-04-30,17.1,21.74321,,
2014-05-01,16.5,19.223982,,
2014-05-02,13.7,18.79846,,
2014-05-03,13.3,16.48566,,
2014-05-04,16.5,15.959685,,
2014-05-05,18.4,17.951838,,
2014-05-06,16.8,19.27978,,
2014-05-07,15.8,18.274597,,
2014-05-08,18.9,17.36104,,
2014-05-09,21.3,19.242126,,
2014-05-10,19.8,21.114334,,
2014-05-11,21.3,19.99576,,
2014-05-12,20.4,20.928612,,
2014-05-13,22.1,20.36327,,
2014-05-14,24.6,21.238514,,
2014-05-15,26.4,22.647484,,
2014-05-16,26.1,23.993973,,
2014-05-17,25.8,24.222824,,
2014-05-18,22.9,24.546932,,
2014-05-19,27.1,23.048994,,
2014-05-20,24.6,25.539831,,
2014-05-21,26.7,24.690329,,
2014-05-22,25.9,26.4595,,
2014-05-23,24.499999999999996,26.094337,,
2014-05-24,24.8,25.177095,,
2014-05-25,25.4,25.688847,,
2014-05-26,26.4,26.226582,,
2014-05-27,19.7,27.085648,,
2014-05-28,18.8,21.31726,,
2014-05-29,19.7,20.606516,,
2014-05-30,20.5,21.432632,,
2014-05-31,13.399999999999999,22.06142,,
2014-06-01,17.1,16.32834,,
2014-06-02,17.7,18.67964,,
2014-06-03,16.4,19.224281,,
2014-06-04,19.7,17.936802,,
2014-06-05,18.0,20.25743,,
2014-06-06,17.0,19.22804,,
2014-06-07,17.5,18.341215,,
2014-06-08,16.2,18.597939,,
2014-06-09,16.4,17.675909,,
2014-06-10,20.2,17.537926,,
2014-06-11,18.8,19.77772,,
2014-06-12,19.2,19.105507,,
2014-06-13,17.5,19.424335,,
2014-06-14,14.1,18.288355,,
2014-06-15,15.899999999999999,15.988906,,
2014-06-16,18.0,16.960608,,
2014-06-17,15.300000000000002,18.425325,,
2014-06-18,16.8,16.760254,,
2014-06-19,16.2,17.457216,,
2014-06-20,19.4,17.176956,,
2014-06-21,18.6,19.145811,,
2014-06-22,18.9,18.850582,,
2014-06-23,16.1,19.10836,,
2014-06-24,16.6,17.31723,,
2014-06-25,17.8,17.48226,,
2014-06-26,18.6,18.354492,,
2014-06-27,17.9,18.851028,,
2014-06-28,13.3,18.390823,,
2014-06-29,14.4,15.417523,,
2014-06-30,16.2,15.745499,,
2014-07-01,14.7,16.960594,,
2014-07-02,15.899999999999999,16.097498,,
2014-07-03,17.5,16.7122,,
2014-07-04,18.2,17.83042,,
2014-07-05,15.1,18.484022,,
2014-07-06,15.300000000000002,16.504148,,
2014-07-07,17.4,16.306738,,
2014-07-08,18.5,17.702244,,
2014-07-09,13.9,18.497221,,
2014-07-10,14.7,15.679682,,
2014-07-11,16.3,15.759135,,
2014-07-12,14.4,16.815882,,
2014-07-13,13.8,15.754106,,
2014-07-14,11.099999999999998,15.224631,,
2014-07-15,11.8,13.51791,,
2014-07-16,17.0,13.653046,,
2014-07-17,14.3,16.08327,,
2014-07-18,13.8,15.421707,,
2014-07-19,14.3,15.075672,,
2014-07-20,14.1,15.326831,,
2014-07-21,17.4,15.315227,,
2014-07-22,15.899999999999999,17.078648,,
2014-07-23,17.9,16.473782,,
2014-07-24,17.4,17.514133,,
2014-07-25,18.5,17.415546,,
2014-07-26,18.3,18.097956,,
2014-07-27,20.0,18.08281,,
2014-07-28,18.4,19.030704,,
2014-07-29,21.000000000000004,18.337038,,
2014-07-30,21.3,19.87099,,
2014-07-31,23.700000000000003,20.414892,,
2014-08-01,13.1,21.843836,,
2014-08-02,13.5,15.33062,,
2014-08-03,14.5,15.161507,,
2014-08-04,15.0,15.927891,,
2014-08-05,16.3,16.293884,,
2014-08-06,18.3,17.252592,,
2014-08-07,17.7,18.747417,,
2014-08-08,19.8,18.536331,,
2014-08-09,21.5,19.824202,,
2014-08-10,16.7,21.051685,,
2014-08-11,13.8,17.832872,,
2014-08-12,13.9,15.705258,,
2014-08-13,16.4,15.657925,,
2014-08-14,18.5,17.250473,,
2014-08-15,18.6,18.719862,,
2014-08-16,11.5,18.717903,,
2014-08-17,17.2,14.381397,,
2014-08-18,16.7,16.309889,,
2014-08-19,17.5,17.032978,,
2014-08-20,16.7,17.787998,,
2014-08-21,20.4,17.48895,,
2014-08-22,21.2,19.49169,,
2014-08-23,23.5,20.502897,,
2014-08-24,18.8,21.742443,,
2014-08-25,19.6,18.996931,,
2014-08-26,20.5,19.584274,,
2014-08-27,22.8,20.464983,,
2014-08-28,23.700000000000003,21.989182,,
2014-08-29,25.0,22.71362,,
2014-08-30,25.5,23.5929,,
2014-08-31,26.3,24.10959,,
2014-09-01,14.0,24.993132,,
2014-09-02,16.9,16.340681,,
2014-09-03,16.2,18.001019,,
2014-09-04,15.599999999999998,17.874903,,
2014-09-05,19.6,17.380327,,
2014-09-06,22.3,20.10898,,
2014-09-07,23.4,22.59155,,
2014-09-08,24.4,23.462532,,
2014-09-09,25.8,24.181934,,
2014-09-10,21.3,25.090809,,
2014-09-11,20.9,21.802406,,
2014-09-12,19.0,21.755322,,
2014-09-13,22.8,20.45539,,
2014-09-14,27.0,22.762466,,
2014-09-15,22.6,24.992098,,
2014-09-16,21.5,22.68259,,
2014-09-17,20.5,22.36671,,
2014-09-18,17.1,21.750599,,
2014-09-19,19.5,19.212164,,
2014-09-20,21.1,20.868605,,
2014-09-21,23.2,22.117363,,
2014-09-22,27.4,23.66937,,
2014-09-23,27.9,26.107328,,
2014-09-24,19.5,26.777617,,
2014-09-25,18.2,20.46526,,
2014-09-26,20.9,19.861422,,
2014-09-27,27.7,22.212975,,
2014-09-28,32.3,25.776527,,
2014-09-29,25.1,27.752548,,
2014-09-30,28.8,25.161926,,
2014-10-01,20.1,27.602995,,
2014-10-02,22.199999999999996,21.718943,,
2014-10-03,25.5,23.459972,,
2014-10-04,31.4,26.314838,,
2014-10-05,31.5,28.864569,,
2014-10-06,32.1,29.936575,,
2014-10-07,21.6,30.468977,,
2014-10-08,23.4,22.511583,,
2014-10-09,28.4,24.971987,,
2014-10-10,31.799999999999997,28.543646,,
2014-10-11,30.7,30.787756,,
2014-10-12,33.9,30.406866,,
2014-10-13,19.4,32.17549,,
2014-10-14,20.5,20.541344,,
2014-10-15,21.000000000000004,22.894043,,
2014-10-16,22.5,23.687336,,
2014-10-17,24.899999999999995,24.687586,,
2014-10-18,31.1,26.66603,,
2014-10-19,34.9,29.88404,,
2014-10-20,30.9,31.507694,,
2014-10-21,37.3,29.984528,,
2014-10-22,38.8,32.285805,,
2014-10-23,34.4,33.77964,,
2014-10-24,35.3,32.56842,,
2014-10-25,34.6,33.840427,,
2014-10-26,26.5,33.490757,,
2014-10-27,23.5,27.522478,,
2014-10-28,25.2,26.425526,,
2014-10-29,27.7,28.725298,,
2014-10-30,31.5,30.539852,,
2014-10-31,37.8,32.5628,,
2014-11-01,21.799999999999997,35.293125,,
2014-11-02,23.0,22.575485,,
2014-11-03,28.0,25.803299,,
2014-11-04,33.9,29.860382,,
2014-11-05,24.899999999999995,32.70163,,
2014-11-06,28.8,26.440084,,
2014-11-07,35.3,30.068422,,
2014-11-08,37.6,32.673393,,
2014-11-09,27.9,33.880928,,
2014-11-10,28.6,28.254097,,
2014-11-11,30.3,30.737097,,
2014-11-12,35.2,31.804516,,
2014-11-13,39.6,34.062767,,
2014-11-14,35.7,35.611458,,
2014-11-15,26.1,33.951073,,
2014-11-16,23.2,26.945805,,
2014-11-17,25.3,26.135464,,
2014-11-18,26.799999999999997,28.855236,,
2014-11-19,33.6,29.912361,,
2014-11-20,34.1,32.9958,,
2014-11-21,30.0,33.734463,,
2014-11-22,35.3,30.428482,,
2014-11-23,33.8,33.86195,,
2014-11-24,33.1,33.25896,,
2014-11-25,26.2,32.92522,,
2014-11-26,27.7,27.419945,,
2014-11-27,29.2,30.224728,,
2014-11-28,32.8,31.30886,,
2014-11-29,35.9,33.279194,,
2014-11-30,40.4,34.530262,,
2014-12-01,32.5,36.123085,,
2014-12-02,34.8,31.479883,,
2014-12-03,36.7,35.09395,,
2014-12-04,32.8,36.071526,,
2014-12-05,29.6,32.517204,,
2014-12-06,27.7,31.321226,,
2014-12-07,28.5,30.404036,,
2014-12-08,32.1,31.440138,,
2014-12-09,37.0,33.55667,,
2014-12-10,32.6,35.831825,,
2014-12-11,30.9,32.26628,,
2014-12-12,32.7,32.01232,,
2014-12-13,33.3,33.777103,,
2014-12-14,37.5,33.731388,,
2014-12-15,39.9,36.306156,,
2014-12-16,36.7,37.47529,,
2014-12-17,27.1,34.866776,,
2014-12-18,29.099999999999998,27.884464,,
2014-12-19,27.7,32.048756,,
2014-12-20,31.9,30.604277,,
2014-12-21,37.0,33.448116,,
2014-12-22,38.4,35.896248,,
2014-12-23,32.1,36.8938,,
2014-12-24,30.3,31.680073,,
2014-12-25,28.5,32.04176,,
2014-12-26,26.000000000000004,30.989386,,
2014-12-27,28.9,28.718227,,
2014-12-28,34.8,31.594149,,
2014-12-29,29.6,34.299572,,
2014-12-30,28.4,30.423697,,
2014-12-31,31.5,30.46035,,
2015-01-01,37.5,32.814743,,
2015-01-02,42.3,35.320133,,
2015-01-03,43.5,37.115723,,
2015-01-19,,,28.9,28.899113
2015-01-20,,,27.8,30.689264
2015-01-21,,,35.8,29.45211
2015-01-22,,,37.0,32.666946
2015-01-23,,,35.8,33.746872
2015-01-24,,,32.4,33.435524
2015-01-25,,,26.9,31.616215
2015-01-26,,,25.0,28.330673
2015-01-27,,,28.300000000000004,27.619486
2015-01-30,,,28.4,30.926958
2015-01-31,,,28.2,30.527931
2015-02-01,,,27.1,30.158318
2015-02-02,,,30.1,29.13695
2015-02-03,,,31.3,31.554422
2015-02-04,,,29.3,31.935896
2015-02-05,,,31.7,30.213095
2015-02-06,,,38.6,32.350857
2015-02-07,,,39.2,34.909332
2015-02-08,,,38.3,35.70495
2015-02-09,,,33.6,35.48731
2015-02-10,,,37.0,32.453793
2015-02-11,,,39.9,35.729614
2015-02-12,,,37.1,37.381348
2015-02-13,,,39.1,35.40369
2015-02-14,,,40.6,37.965054
2015-02-15,,,44.1,38.784126
2015-02-16,,,32.3,41.03804
2015-02-17,,,31.799999999999997,31.092789
2015-02-18,,,33.8,34.2684
2015-02-19,,,37.0,35.310776
2015-02-20,,,38.2,37.10696
2015-02-21,,,38.7,37.23873
2015-02-22,,,40.0,37.515488
2015-02-23,,,36.2,38.669254
2015-02-24,,,29.7,35.083317
2015-02-25,,,30.8,30.966234
2015-02-26,,,34.3,33.52251
2015-02-27,,,35.3,35.38866
2015-02-28,,,40.4,35.247623
2015-03-01,,,28.5,38.30451
2015-03-02,,,30.4,28.92533
2015-03-03,,,32.3,33.131428
2015-03-04,,,29.2,34.004868
2015-03-05,,,25.1,30.77513
2015-03-06,,,26.6,27.535706
2015-03-07,,,26.7,29.711555
2015-03-08,,,29.3,29.493368
2015-03-09,,,29.499999999999996,31.377495
2015-03-10,,,30.7,30.877893
2015-03-11,,,32.0,31.570724
2015-03-12,,,27.4,32.30352
2015-03-13,,,26.7,28.252611
2015-03-14,,,32.6,28.356348
2015-03-15,,,26.9,32.27102
2015-03-16,,,30.4,27.93971
2015-03-17,,,35.4,31.241076
2015-03-18,,,29.099999999999998,33.43246
2015-03-19,,,40.3,29.426666
2015-03-20,,,24.8,34.178318
2015-03-21,,,25.600000000000005,25.672571
2015-03-22,,,33.5,28.545523
2015-03-23,,,28.2,32.833157
2015-03-24,,,21.3,29.791174
2015-03-25,,,21.7,23.932953
2015-03-26,,,20.9,24.94545
2015-03-27,,,21.9,23.895792
2015-03-28,,,24.0,24.518114
2015-03-29,,,25.8,26.052588
2015-03-30,,,29.2,27.358963
2015-03-31,,,31.6,29.639782
2015-04-01,,,33.1,30.85093
2015-04-02,,,24.0,31.28711
2015-04-03,,,23.300000000000004,24.365244
2015-04-04,,,26.6,25.129856
2015-04-05,,,26.1,28.400772
2015-04-06,,,17.5,27.57264
2015-04-07,,,17.1,20.119059
2015-04-08,,,20.7,19.716337
2015-04-09,,,21.7,22.551111
2015-04-10,,,23.6,23.397343
2015-04-11,,,26.5,24.78623
2015-04-12,,,26.4,27.168293
2015-04-13,,,27.4,26.933123
2015-04-14,,,31.4,27.724285
2015-04-15,,,31.2,29.210672
2015-04-16,,,21.799999999999997,29.355568
2015-04-17,,,16.7,22.515873
2015-04-18,,,20.600000000000005,19.361254
2015-04-19,,,16.8,22.607052
2015-04-20,,,17.8,19.636665
2015-04-21,,,19.5,20.11011
2015-04-22,,,21.1,21.291883
2015-04-23,,,20.7,22.48495
2015-04-24,,,21.400000000000002,22.122883
2015-04-25,,,17.7,22.536974
2015-04-26,,,16.0,19.619
2015-04-27,,,17.1,17.984007
2015-04-28,,,17.0,18.587307
2015-04-29,,,18.8,18.483664
2015-04-30,,,22.1,19.538311
2015-05-01,,,23.1,21.747715
2015-05-02,,,24.4,22.38084
2015-05-03,,,21.000000000000004,23.24414
2015-05-04,,,24.899999999999995,21.013426
2015-05-05,,,19.4,23.182909
2015-05-06,,,19.5,20.131195
2015-05-07,,,17.9,20.436817
2015-05-08,,,16.9,19.440266
2015-05-09,,,18.0,18.601763
2015-05-10,,,20.1,19.31522
2015-05-11,,,20.2,20.864212
2015-05-12,,,18.6,20.925898
2015-05-13,,,15.2,19.67984
2015-05-14,,,16.6,17.197939
2015-05-15,,,17.6,17.993073
2015-05-16,,,19.7,18.646719
2015-05-17,,,22.6,20.103703
2015-05-18,,,23.5,22.1285
2015-05-19,,,20.7,22.68036
2015-05-20,,,17.8,20.66029
2015-05-21,,,13.7,18.84409
2015-05-22,,,18.1,16.04279
2015-05-23,,,15.4,18.4316
2015-05-24,,,19.1,17.024403
2015-05-25,,,20.7,19.312866
2015-05-26,,,22.199999999999996,20.717457
2015-05-27,,,22.6,21.821487
2015-05-28,,,20.8,22.12668
2015-05-29,,,17.9,20.98678
2015-05-30,,,18.3,19.102852
2015-05-31,,,17.9,19.354448
2015-06-01,,,12.9,19.146723
2015-06-02,,,13.599999999999998,15.5413685
2015-06-03,,,13.8,15.534168
2015-06-04,,,19.0,15.576489
2015-06-05,,,15.0,18.398457
2015-06-06,,,18.3,16.607443
2015-06-07,,,15.899999999999999,18.511713
2015-06-08,,,21.1,17.14332
2015-06-09,,,15.5,19.531818
2015-06-10,,,14.1,16.938389
2015-06-11,,,17.2,15.798752
2015-06-12,,,21.2,17.60674
2015-06-13,,,19.5,19.783075
2015-06-14,,,19.2,19.335827
2015-06-15,,,15.4,19.282413
2015-06-16,,,13.000000000000002,16.87245
2015-06-17,,,15.5,15.1559105
2015-06-18,,,13.599999999999998,16.575407
2015-06-19,,,13.599999999999998,15.544092
2015-06-20,,,12.6,15.254918
2015-06-21,,,12.800000000000002,14.526139
2015-06-22,,,15.2,14.535255
2015-06-23,,,19.1,15.935416
2015-06-24,,,16.2,18.252487
2015-06-25,,,15.300000000000002,16.979269
2015-06-26,,,15.4,16.296957
2015-06-27,,,15.5,16.401402
2015-06-28,,,14.8,16.42419
2015-06-29,,,13.3,15.929865
2015-06-30,,,14.0,14.899473
2015-07-01,,,12.6,15.138483
2015-07-02,,,16.1,14.39258
2015-07-03,,,13.000000000000002,16.149355
2015-07-04,,,14.6,14.632552
2015-07-05,,,15.599999999999998,15.346712
2015-07-06,,,16.7,16.112978
2015-07-07,,,14.6,16.945297
2015-07-08,,,15.899999999999999,15.816992
2015-07-09,,,17.6,16.323574
2015-07-10,,,20.1,17.4757
2015-07-11,,,10.8,18.881176
2015-07-12,,,13.399999999999999,13.626333
2015-07-13,,,13.7,14.258756
2015-07-14,,,13.9,14.618577
2015-07-15,,,11.099999999999998,14.853663
2015-07-16,,,13.599999999999998,13.324498
2015-07-17,,,11.3,14.558603
2015-07-18,,,11.9,13.414621
2015-07-19,,,12.5,13.460235
2015-07-20,,,15.599999999999998,13.830633
2015-07-21,,,17.0,15.645828
2015-07-22,,,16.3,16.821709
2015-07-23,,,18.3,16.592245
2015-07-24,,,17.2,17.650826
2015-07-25,,,16.5,17.139202
2015-07-26,,,14.0,16.72462
2015-07-27,,,13.1,15.325847
2015-07-28,,,13.9,14.656239
2015-07-29,,,13.9,15.100399
2015-07-30,,,17.0,15.1612425
2015-07-31,,,16.4,16.926043
2015-08-01,,,15.0,16.845535
2015-08-02,,,15.0,16.037949
2015-08-03,,,14.1,15.989482
2015-08-04,,,12.1,15.510583
2015-08-05,,,14.7,14.167109
2015-08-06,,,14.1,15.469609
2015-08-07,,,14.6,15.255769
2015-08-08,,,15.5,15.473791
2015-08-09,,,17.7,16.078281
2015-08-10,,,17.7,17.486692
2015-08-11,,,19.1,17.582352
2015-08-12,,,14.3,18.483986
2015-08-13,,,16.0,15.705335
2015-08-14,,,17.0,16.422112
2015-08-15,,,16.9,17.163507
2015-08-16,,,19.2,17.27066
2015-08-17,,,18.4,18.727354
2015-08-18,,,14.1,18.357805
2015-08-19,,,18.3,15.776391
2015-08-20,,,24.099999999999998,17.65419
2015-08-21,,,22.7,20.34193
2015-08-22,,,22.0,21.357365
2015-08-23,,,19.0,21.388117
2015-08-24,,,15.4,19.591892
2015-08-25,,,16.0,17.255653
2015-08-26,,,18.4,17.541416
2015-08-27,,,17.9,19.228321
2015-08-28,,,16.8,18.895533
2015-08-29,,,16.4,18.053225
2015-08-30,,,17.2,17.738571
2015-08-31,,,18.7,18.244516
2015-09-01,,,21.9,19.291752
2015-09-02,,,14.6,21.39754
2015-09-03,,,17.1,16.580242
2015-09-04,,,16.4,17.733992
2015-09-05,,,17.9,17.296144
2015-09-06,,,22.4,18.316645
2015-09-07,,,17.1,20.788202
2015-09-08,,,19.6,17.979559
2015-09-09,,,19.4,19.414814
2015-09-10,,,19.7,19.657043
2015-09-11,,,22.9,19.970291
2015-09-12,,,26.5,21.76631
2015-09-13,,,29.6,23.617855
2015-09-14,,,32.3,25.38448
2015-09-15,,,20.0,26.821524
2015-09-16,,,22.199999999999996,20.948372
2015-09-17,,,20.8,22.800842
2015-09-18,,,19.899999999999995,22.444582
2015-09-19,,,21.5,21.860542
2015-09-20,,,26.1,23.058203
2015-09-21,,,20.7,25.905226
2015-09-22,,,18.1,22.027546
2015-09-23,,,17.4,20.067896
2015-09-24,,,18.2,19.617197
2015-09-25,,,20.7,20.10974
2015-09-26,,,24.0,21.897598
2015-09-27,,,26.000000000000004,24.34013
2015-09-28,,,27.9,25.80965
2015-09-29,,,21.1,26.673506
2015-09-30,,,22.1,21.514362
2015-10-01,,,28.2,22.72167
2015-10-02,,,31.4,25.852396
2015-10-03,,,34.7,27.701153
2015-10-04,,,37.5,29.281038
2015-10-05,,,37.5,30.72051
2015-10-06,,,38.0,31.684172
2015-10-07,,,22.6,32.869854
2015-10-08,,,29.4,23.59365
2015-10-09,,,36.1,29.206285
2015-10-10,,,31.9,32.859615
2015-10-11,,,31.2,31.89022
2015-10-12,,,23.700000000000003,32.15592
2015-10-13,,,24.2,26.051712
2015-10-14,,,30.8,27.381657
2015-10-15,,,37.70000000000001,31.436136
2015-10-16,,,31.7,34.916176
2015-10-17,,,23.8,31.493841
2015-10-18,,,29.6,25.68882
2015-10-19,,,34.1,30.625845
2015-10-20,,,32.8,33.10187
2015-10-21,,,24.4,32.552307
2015-10-22,,,24.0,25.656992
2015-10-23,,,24.3,26.601587
2015-10-24,,,31.1,27.071138
2015-10-25,,,35.1,31.055761
2015-10-26,,,25.600000000000005,33.117226
2015-10-27,,,28.4,26.382395
2015-10-28,,,31.1,30.175972
2015-10-29,,,33.3,31.949184
2015-10-30,,,34.8,32.950012
2015-10-31,,,34.7,33.521717
2015-11-01,,,28.2,33.318066
2015-11-02,,,27.8,28.556486
2015-11-03,,,27.8,29.955107
2015-11-04,,,29.6,30.337519
2015-11-05,,,27.1,31.343378
2015-11-06,,,25.600000000000005,28.908096
2015-11-07,,,29.3,27.635344
2015-11-08,,,33.4,31.047832
2015-11-09,,,36.3,33.13388
2015-11-10,,,33.7,34.389805
2015-11-11,,,28.1,32.56171
2015-11-12,,,30.5,28.906343
2015-11-13,,,27.4,32.06624
2015-11-14,,,25.8,29.29675
2015-11-15,,,28.300000000000004,28.055996
2015-11-16,,,32.9,30.601328
2015-11-17,,,37.3,32.929253
2015-11-18,,,41.3,34.61498
2015-11-19,,,42.5,36.17567
2015-11-20,,,33.2,37.327435
2015-11-21,,,25.7,31.916384
2015-11-22,,,27.0,27.984207
2015-11-23,,,27.0,30.91791
2015-11-24,,,30.2,30.523285
2015-11-25,,,38.7,32.396286
2015-11-26,,,23.5,35.765438
2015-11-27,,,24.6,24.680151
2015-11-28,,,28.6,27.76237
2015-11-29,,,28.9,31.035883
2015-11-30,,,37.4,30.66838
2015-12-01,,,27.6,34.371086
2015-12-02,,,24.3,28.583696
2015-12-03,,,29.7,26.803526
2015-12-04,,,36.3,30.980806
2015-12-05,,,39.7,33.37187
2015-12-06,,,42.2,34.89665
2015-12-07,,,42.7,36.439095
2015-12-08,,,36.9,37.625267
2015-12-09,,,32.2,34.803284
2015-12-10,,,32.4,32.500904
2015-12-11,,,27.3,33.995304
2015-12-12,,,25.3,30.03827
2015-12-13,,,34.3,28.776594
2015-12-14,,,38.9,34.048244
2015-12-15,,,36.3,36.876133
2015-12-16,,,39.7,35.27795
2015-12-17,,,41.3,37.951366
2015-12-18,,,43.0,38.96245
2015-12-19,,,43.4,40.050488
2015-12-20,,,35.7,40.456467
2015-12-21,,,25.2,33.943092
2015-12-22,,,32.8,27.291153
2015-12-23,,,35.3,34.31568
2015-12-24,,,37.3,35.99801
2015-12-25,,,38.6,37.025608
2015-12-26,,,26.6,37.57676
2015-12-27,,,27.199999999999996,27.836626
2015-12-28,,,30.5,31.10638
2015-12-29,,,35.4,33.052856
2015-12-30,,,36.7,35.138805
2015-12-31,,,38.9,35.889584
2016-01-01,,,35.7,37.262062
2016-01-02,,,33.8,34.440937
2016-01-03,,,34.1,33.920887
2016-01-04,,,28.1,34.619877
2016-01-05,,,31.6,29.788998
2016-01-06,,,33.5,33.528023
2016-01-07,,,32.3,34.35373
2016-01-08,,,31.2,32.854553
2016-01-09,,,36.2,32.304054
2016-01-10,,,40.4,35.608635
2016-01-11,,,41.1,37.812252
2016-01-12,,,41.1,38.594975
2016-01-13,,,44.5,38.520203
2016-01-14,,,23.1,40.635914
2016-01-15,,,27.8,22.316362
2016-01-16,,,32.2,31.098831
2016-01-17,,,35.7,33.976967
2016-01-18,,,39.0,35.738865
2016-01-19,,,41.1,37.599987
2016-01-20,,,39.7,39.049294
2016-01-21,,,31.9,37.787006
2016-01-22,,,30.4,31.73671
2016-01-23,,,28.9,32.70616
2016-01-24,,,30.1,31.539011
2016-01-25,,,32.1,32.48484
2016-01-26,,,34.3,33.47779
2016-01-27,,,37.8,34.71679
2016-01-28,,,30.7,36.751225
2016-01-29,,,23.6,30.732052
2016-01-30,,,23.4,25.49767
2016-01-31,,,27.6,26.759895
2016-02-01,,,30.0,30.377222
2016-02-02,,,35.6,31.454105
2016-02-03,,,28.2,34.14069
2016-02-04,,,31.1,29.028158
2016-02-05,,,33.6,32.16776
2016-02-06,,,34.5,33.628387
2016-02-07,,,37.1,33.69956
2016-02-08,,,37.70000000000001,35.30895
2016-02-09,,,37.4,35.5826
2016-02-10,,,38.9,35.44648
2016-02-11,,,36.2,36.757484
2016-02-12,,,37.3,34.607864
2016-02-13,,,39.6,36.48276
2016-02-14,,,29.499999999999996,38.151947
2016-02-15,,,27.7,29.614143
2016-02-16,,,26.7,30.816301
2016-02-17,,,28.5,30.207426
2016-02-18,,,31.4,31.602337
2016-02-19,,,31.7,32.939014
2016-02-20,,,28.6,32.45687
2016-02-21,,,35.4,30.135424
2016-02-22,,,41.20000000000001,34.35309
2016-02-23,,,43.5,37.07176
2016-02-24,,,41.6,38.48061
2016-02-25,,,33.2,38.3747
2016-02-26,,,29.3,32.065594
2016-02-27,,,31.0,31.56609
2016-02-28,,,31.4,33.58694
2016-02-29,,,32.5,33.328396
2016-03-01,,,36.9,33.750813
2016-03-02,,,41.0,36.42504
2016-03-03,,,38.7,38.59467
2016-03-04,,,38.7,36.800465
2016-03-05,,,41.0,37.315113
2016-03-06,,,42.1,39.339027
2016-03-07,,,41.0,39.713062
2016-03-08,,,40.8,38.596416
2016-03-09,,,37.6,38.964043
2016-03-10,,,30.2,36.34873
2016-03-11,,,35.2,31.29137
2016-03-12,,,36.8,36.458412
2016-03-13,,,32.2,37.18787
2016-03-14,,,34.5,32.40211
2016-03-15,,,31.5,35.637447
2016-03-16,,,35.1,32.426865
2016-03-17,,,35.4,35.754852
2016-03-18,,,23.5,35.25182
2016-03-19,,,23.6,24.484507
2016-03-20,,,23.6,26.92831
2016-03-21,,,27.5,26.866104
2016-03-22,,,29.900000000000002,30.10286
2016-03-23,,,32.1,31.160559
2016-03-24,,,30.2,32.335655
2016-03-25,,,27.1,30.663565
2016-03-26,,,25.7,28.637585
2016-03-27,,,24.6,27.772982
2016-03-28,,,24.2,26.889683
2016-03-29,,,20.9,26.39564
2016-03-30,,,22.7,23.213531
2016-03-31,,,24.899999999999995,24.786425
2016-04-01,,,28.300000000000004,26.467962
2016-04-02,,,27.1,28.860733
2016-04-03,,,24.3,27.764482
2016-04-04,,,26.4,25.45335
2016-04-05,,,32.1,27.529142
2016-04-06,,,20.600000000000005,30.263578
2016-04-07,,,20.600000000000005,21.662125
2016-04-08,,,22.9,22.45119
2016-04-09,,,24.6,24.724695
2016-04-10,,,25.3,26.065275
2016-04-11,,,24.099999999999998,26.40127
2016-04-12,,,23.9,25.263346
2016-04-13,,,24.7,25.06415
2016-04-14,,,26.799999999999997,25.839733
2016-04-15,,,30.3,27.556923
2016-04-16,,,28.4,29.32489
2016-04-17,,,23.2,28.138557
2016-04-18,,,25.8,24.060808
2016-04-19,,,30.1,26.593494
2016-04-20,,,33.0,29.20652
2016-04-21,,,27.199999999999996,30.419813
2016-04-22,,,22.5,27.188612
2016-04-23,,,21.9,24.267637
2016-04-24,,,25.9,24.2212
2016-04-25,,,28.0,27.605972
2016-04-26,,,28.6,29.07014
2016-04-27,,,29.2,29.240463
2016-04-28,,,27.9,29.7258
2016-04-29,,,21.3,28.683865
2016-04-30,,,26.799999999999997,23.018112
2016-05-01,,,19.7,26.85255
2016-05-02,,,21.5,21.589909
2016-05-03,,,23.4,23.452642
2016-05-04,,,19.2,25.130363
2016-05-05,,,25.4,21.317177
2016-05-06,,,28.4,24.87654
2016-05-07,,,22.7,27.461994
2016-05-08,,,19.6,23.70221
2016-05-09,,,20.9,21.419916
2016-05-10,,,19.0,22.742617
2016-05-11,,,18.7,21.042978
2016-05-12,,,21.6,20.482111
2016-05-13,,,22.3,22.614506
2016-05-14,,,24.2,23.118107
2016-05-15,,,24.3,24.49014
2016-05-16,,,22.5,24.320614
2016-05-17,,,20.2,22.975752
2016-05-18,,,21.000000000000004,21.328457
2016-05-19,,,21.5,21.972336
2016-05-20,,,18.6,22.452812
2016-05-21,,,19.8,20.076418
2016-05-22,,,27.8,20.78932
2016-05-23,,,19.5,24.491413
2016-05-24,,,20.1,20.530151
2016-05-25,,,13.9,21.17479
2016-05-26,,,18.0,16.759249
2016-05-27,,,17.4,19.124853
2016-05-28,,,15.1,18.876696
2016-05-29,,,14.7,17.022165
2016-05-30,,,17.7,16.633623
2016-05-31,,,17.4,18.554806
2016-06-01,,,17.9,18.543726
2016-06-02,,,17.0,18.739834
2016-06-03,,,16.2,18.148449
2016-06-04,,,16.3,17.461243
2016-06-05,,,17.9,17.440649
2016-06-06,,,17.7,18.470499
2016-06-07,,,17.4,18.216274
2016-06-08,,,17.5,17.97708
2016-06-09,,,17.1,18.033522
2016-06-10,,,16.7,17.820765
2016-06-11,,,16.9,17.526548
2016-06-12,,,13.7,17.632803
2016-06-13,,,15.300000000000002,15.61478
2016-06-14,,,19.899999999999995,16.30302
2016-06-15,,,18.8,18.814943
2016-06-16,,,18.2,18.816528
2016-06-17,,,16.2,18.576832
2016-06-18,,,15.7,17.334898
2016-06-19,,,13.2,16.88107
2016-06-20,,,14.2,15.293726
2016-06-21,,,11.5,15.608247
2016-06-22,,,16.5,13.917585
2016-06-23,,,17.3,16.257246
2016-06-24,,,11.9,17.3742
2016-06-25,,,12.6,14.308979
2016-06-26,,,9.1,14.206589
2016-06-27,,,14.2,12.070835
2016-06-28,,,16.1,14.271156
2016-06-29,,,15.7,16.10084
2016-06-30,,,17.3,16.107487
2016-07-01,,,13.3,17.12737
2016-07-02,,,15.5,14.984796
2016-07-03,,,16.1,15.822402
2016-07-04,,,11.9,16.32024
2016-07-05,,,14.0,14.0820465
2016-07-06,,,16.9,14.86773
2016-07-07,,,13.2,16.639894
2016-07-08,,,16.5,14.734783
2016-07-09,,,16.3,16.19636
2016-07-10,,,12.2,16.498487
2016-07-11,,,17.3,14.323673
2016-07-12,,,13.599999999999998,16.21748
2016-07-13,,,13.7,14.923953
2016-07-14,,,14.2,14.883768
2016-07-15,,,15.1,15.305027
2016-07-16,,,14.9,15.906685
2016-07-17,,,19.0,15.864615
2016-07-18,,,20.5,17.76781
2016-07-19,,,21.400000000000002,19.196386
2016-07-20,,,20.4,19.940928
2016-07-21,,,21.1,19.630009
2016-07-22,,,18.7,20.039825
2016-07-23,,,14.1,18.886065
2016-07-24,,,14.6,16.022718
2016-07-25,,,16.9,16.104887
2016-07-26,,,14.5,17.701786
2016-07-27,,,14.1,16.251076
2016-07-28,,,13.2,15.718748
2016-07-29,,,15.599999999999998,15.056895
2016-07-30,,,18.5,16.531597
2016-07-31,,,18.4,18.560432
2016-08-01,,,13.1,18.761175
2016-08-02,,,14.0,15.344854
2016-08-03,,,14.2,15.372327
2016-08-04,,,14.8,15.478499
2016-08-05,,,16.9,15.776271
2016-08-06,,,17.2,17.148294
2016-08-07,,,17.2,17.424896
2016-08-08,,,19.8,17.512154
2016-08-09,,,20.2,19.010122
2016-08-10,,,17.9,19.389662
2016-08-11,,,16.0,18.12673
2016-08-12,,,18.9,17.03755
2016-08-13,,,17.9,18.680637
2016-08-14,,,17.7,18.302053
2016-08-15,,,19.5,18.235903
2016-08-16,,,23.8,19.424772
2016-08-17,,,24.7,21.493996
2016-08-18,,,26.000000000000004,22.82369
2016-08-19,,,14.8,23.909924
2016-08-20,,,16.2,16.715033
2016-08-21,,,18.0,17.507164
2016-08-22,,,16.3,18.977472
2016-08-23,,,17.0,17.948202
2016-08-24,,,16.7,18.339638
2016-08-25,,,15.4,18.181374
2016-08-26,,,15.2,17.217815
2016-08-27,,,18.4,16.901558
2016-08-28,,,21.799999999999997,18.902254
